sample_index,cdl,landsat,openstreetmap_raster,sentinel1,sentinel2_l2a,srtm,worldcereal,worldcover,wri_canopy_height_map
0,0,1,1,1,1,1,1,1,1
1,0,1,1,1,1,1,1,1,1
2,0,1,1,1,1,1,1,1,1
3,0,1,1,1,1,1,1,1,1
4,0,1,1,1,1,1,1,1,0
5,0,1,1,1,1,1,1,1,0
6,0,1,1,1,1,1,1,1,0
7,0,1,1,1,1,1,1,1,0
8,0,1,0,1,1,1,1,1,1
9,0,1,0,1,1,1,1,1,1
10,0,1,0,1,1,1,1,1,1
11,0,1,0,1,1,1,1,1,1
12,1,1,1,1,1,1,1,1,1
13,1,1,1,1,1,1,1,1,1
14,1,1,1,1,1,1,1,1,1
15,1,1,1,1,1,1,1,1,1
16,0,1,1,1,1,1,1,1,0
17,0,1,1,1,1,1,1,1,0
18,0,1,1,1,1,1,1,1,0
19,0,1,1,1,1,1,1,1,0
20,0,1,1,1,1,1,1,1,1
21,0,1,1,1,1,1,1,1,1
22,0,1,1,1,1,1,1,1,1
23,0,1,1,1,1,1,1,1,1
24,0,1,1,1,1,1,1,1,0
25,0,1,1,1,1,1,1,1,0
26,0,1,1,1,1,1,1,1,0
27,0,1,1,1,1,1,1,1,0
28,1,1,1,1,1,1,1,1,1
29,1,1,1,1,1,1,1,1,1
30,1,1,1,1,1,1,1,1,1
31,1,1,1,1,1,1,1,1,1
32,1,1,1,1,1,1,1,1,0
33,1,1,1,1,1,1,1,1,0
34,1,1,1,1,1,1,1,1,0
35,1,1,1,1,1,1,1,1,0
36,0,1,1,1,1,1,1,1,1
37,0,1,1,1,1,1,1,1,1
38,0,1,1,1,1,1,1,1,1
39,0,1,1,1,1,1,1,1,1
40,0,1,1,1,1,1,1,1,0
41,0,1,1,1,1,1,1,1,0
42,0,1,1,1,1,1,1,1,0
43,0,1,1,1,1,1,1,1,0
44,0,1,1,1,1,1,1,1,1
45,0,1,1,1,1,1,1,1,1
46,0,1,1,1,1,1,1,1,1
47,0,1,1,1,1,1,1,1,1
48,0,1,1,1,1,1,1,1,1
49,0,1,1,1,1,1,1,1,1
50,0,1,1,1,1,1,1,1,1
51,0,1,1,1,1,1,1,1,1
52,0,1,1,1,1,1,1,1,0
53,0,1,1,1,1,1,1,1,0
54,0,1,1,1,1,1,1,1,0
55,0,1,1,1,1,1,1,1,0
56,0,1,1,1,1,1,1,1,1
57,0,1,1,1,1,1,1,1,1
58,0,1,1,1,1,1,1,1,1
59,0,1,1,1,1,1,1,1,1
60,1,1,1,1,1,1,1,1,0
61,1,1,1,1,1,1,1,1,0
62,1,1,1,1,1,1,1,1,0
63,1,1,1,1,1,1,1,1,0
64,0,1,1,1,1,1,1,1,0
65,0,1,1,1,1,1,1,1,0
66,0,1,1,1,1,1,1,1,0
67,0,1,1,1,1,1,1,1,0
68,0,1,1,1,1,1,1,1,1
69,0,1,1,1,1,1,1,1,1
70,0,1,1,1,1,1,1,1,1
71,0,1,1,1,1,1,1,1,1
72,0,1,1,1,1,1,1,1,0
73,0,1,1,1,1,1,1,1,0
74,0,1,1,1,1,1,1,1,0
75,0,1,1,1,1,1,1,1,0
76,0,1,1,1,1,1,1,1,1
77,0,1,1,1,1,1,1,1,1
78,0,1,1,1,1,1,1,1,1
79,0,1,1,1,1,1,1,1,1
80,0,1,1,1,1,1,1,1,1
81,0,1,1,1,1,1,1,1,1
82,0,1,1,1,1,1,1,1,1
83,0,1,1,1,1,1,1,1,1
84,0,1,1,1,1,1,1,1,1
85,0,1,1,1,1,1,1,1,1
86,0,1,1,1,1,1,1,1,1
87,0,1,1,1,1,1,1,1,1
88,0,1,1,1,1,1,1,1,0
89,0,1,1,1,1,1,1,1,0
90,0,1,1,1,1,1,1,1,0
91,0,1,1,1,1,1,1,1,0
92,0,1,1,1,1,1,1,1,0
93,0,1,1,1,1,1,1,1,0
94,0,1,1,1,1,1,1,1,0
95,0,1,1,1,1,1,1,1,0
96,0,1,1,1,1,1,1,1,0
97,0,1,1,1,1,1,1,1,0
98,0,1,1,1,1,1,1,1,0
99,0,1,1,1,1,1,1,1,0
100,0,1,1,1,1,1,1,1,1
101,0,1,1,1,1,1,1,1,1
102,0,1,1,1,1,1,1,1,1
103,0,1,1,1,1,1,1,1,1
104,0,1,1,1,1,1,1,1,1
105,0,1,1,1,1,1,1,1,1
106,0,1,1,1,1,1,1,1,1
107,0,1,1,1,1,1,1,1,1
108,0,1,1,1,1,1,1,1,1
109,0,1,1,1,1,1,1,1,1
110,0,1,1,1,1,1,1,1,1
111,0,1,1,1,1,1,1,1,1
112,0,1,1,1,1,1,1,1,0
113,0,1,1,1,1,1,1,1,0
114,0,1,1,1,1,1,1,1,0
115,0,1,1,1,1,1,1,1,0
116,1,1,1,1,1,1,1,1,1
117,1,1,1,1,1,1,1,1,1
118,1,1,1,1,1,1,1,1,1
119,1,1,1,1,1,1,1,1,1
120,0,1,1,0,1,0,1,1,1
121,0,1,1,0,1,0,1,1,1
122,0,1,1,0,1,0,1,1,1
123,0,1,1,0,1,0,1,1,1
124,1,1,1,1,1,1,1,1,1
125,1,1,1,1,1,1,1,1,1
126,1,1,1,1,1,1,1,1,1
127,1,1,1,1,1,1,1,1,1
128,1,1,1,0,1,1,1,1,1
129,1,1,1,0,1,1,1,1,1
130,1,1,1,0,1,1,1,1,1
131,1,1,1,0,1,1,1,1,1
132,1,1,1,1,1,1,1,1,1
133,1,1,1,1,1,1,1,1,1
134,1,1,1,1,1,1,1,1,1
135,1,1,1,1,1,1,1,1,1
136,0,1,1,1,1,1,1,1,0
137,0,1,1,1,1,1,1,1,0
138,0,1,1,1,1,1,1,1,0
139,0,1,1,1,1,1,1,1,0
140,1,0,1,1,1,1,1,1,1
141,1,0,1,1,1,1,1,1,1
142,1,0,1,1,1,1,1,1,1
143,1,0,1,1,1,1,1,1,1
144,0,1,1,1,1,1,1,1,1
145,0,1,1,1,1,1,1,1,1
146,0,1,1,1,1,1,1,1,1
147,0,1,1,1,1,1,1,1,1
148,0,1,1,1,1,1,1,1,1
149,0,1,1,1,1,1,1,1,1
150,0,1,1,1,1,1,1,1,1
151,0,1,1,1,1,1,1,1,1
152,0,1,1,1,1,1,1,1,1
153,0,1,1,1,1,1,1,1,1
154,0,1,1,1,1,1,1,1,1
155,0,1,1,1,1,1,1,1,1
156,0,1,1,1,1,1,1,1,1
157,0,1,1,1,1,1,1,1,1
158,0,1,1,1,1,1,1,1,1
159,0,1,1,1,1,1,1,1,1
160,0,1,1,1,1,1,1,1,1
161,0,1,1,1,1,1,1,1,1
162,0,1,1,1,1,1,1,1,1
163,0,1,1,1,1,1,1,1,1
164,0,1,1,1,1,1,1,1,1
165,0,1,1,1,1,1,1,1,1
166,0,1,1,1,1,1,1,1,1
167,0,1,1,1,1,1,1,1,1
168,1,1,1,1,1,1,1,1,1
169,1,1,1,1,1,1,1,1,1
170,1,1,1,1,1,1,1,1,1
171,1,1,1,1,1,1,1,1,1
172,0,1,1,1,1,1,1,1,0
173,0,1,1,1,1,1,1,1,0
174,0,1,1,1,1,1,1,1,0
175,0,1,1,1,1,1,1,1,0
176,0,1,1,1,1,1,1,1,1
177,0,1,1,1,1,1,1,1,1
178,0,1,1,1,1,1,1,1,1
179,0,1,1,1,1,1,1,1,1
180,0,1,1,1,1,1,1,1,0
181,0,1,1,1,1,1,1,1,0
182,0,1,1,1,1,1,1,1,0
183,0,1,1,1,1,1,1,1,0
184,0,1,1,1,1,0,1,1,1
185,0,1,1,1,1,0,1,1,1
186,0,1,1,1,1,0,1,1,1
187,0,1,1,1,1,0,1,1,1
188,0,1,1,1,1,1,1,1,0
189,0,1,1,1,1,1,1,1,0
190,0,1,1,1,1,1,1,1,0
191,0,1,1,1,1,1,1,1,0
192,0,1,1,1,1,1,1,1,1
193,0,1,1,1,1,1,1,1,1
194,0,1,1,1,1,1,1,1,1
195,0,1,1,1,1,1,1,1,1
196,0,1,1,1,1,1,1,1,1
197,0,1,1,1,1,1,1,1,1
198,0,1,1,1,1,1,1,1,1
199,0,1,1,1,1,1,1,1,1
200,1,1,1,1,1,1,1,1,1
201,1,1,1,1,1,1,1,1,1
202,1,1,1,1,1,1,1,1,1
203,1,1,1,1,1,1,1,1,1
204,0,1,1,1,1,1,1,1,1
205,0,1,1,1,1,1,1,1,1
206,0,1,1,1,1,1,1,1,1
207,0,1,1,1,1,1,1,1,1
208,0,1,1,1,1,1,1,1,1
209,0,1,1,1,1,1,1,1,1
210,0,1,1,1,1,1,1,1,1
211,0,1,1,1,1,1,1,1,1
212,0,1,1,1,1,1,1,1,0
213,0,1,1,1,1,1,1,1,0
214,0,1,1,1,1,1,1,1,0
215,0,1,1,1,1,1,1,1,0
216,0,1,1,1,1,1,1,1,1
217,0,1,1,1,1,1,1,1,1
218,0,1,1,1,1,1,1,1,1
219,0,1,1,1,1,1,1,1,1
220,0,1,1,1,1,1,1,1,0
221,0,1,1,1,1,1,1,1,0
222,0,1,1,1,1,1,1,1,0
223,0,1,1,1,1,1,1,1,0
224,0,1,1,1,1,1,1,1,1
225,0,1,1,1,1,1,1,1,1
226,0,1,1,1,1,1,1,1,1
227,0,1,1,1,1,1,1,1,1
228,0,1,1,1,1,0,1,1,1
229,0,1,1,1,1,0,1,1,1
230,0,1,1,1,1,0,1,1,1
231,0,1,1,1,1,0,1,1,1
232,1,1,0,1,1,1,1,1,1
233,1,1,0,1,1,1,1,1,1
234,1,1,0,1,1,1,1,1,1
235,1,1,0,1,1,1,1,1,1
236,0,1,1,1,1,1,1,1,0
237,0,1,1,1,1,1,1,1,0
238,0,1,1,1,1,1,1,1,0
239,0,1,1,1,1,1,1,1,0
240,0,1,1,1,1,1,1,1,1
241,0,1,1,1,1,1,1,1,1
242,0,1,1,1,1,1,1,1,1
243,0,1,1,1,1,1,1,1,1
244,0,1,1,1,1,1,1,1,0
245,0,1,1,1,1,1,1,1,0
246,0,1,1,1,1,1,1,1,0
247,0,1,1,1,1,1,1,1,0
248,0,1,1,1,1,1,1,1,1
249,0,1,1,1,1,1,1,1,1
250,0,1,1,1,1,1,1,1,1
251,0,1,1,1,1,1,1,1,1
252,0,1,1,1,1,1,1,1,1
253,0,1,1,1,1,1,1,1,1
254,0,1,1,1,1,1,1,1,1
255,0,1,1,1,1,1,1,1,1
256,0,1,1,1,1,1,1,1,1
257,0,1,1,1,1,1,1,1,1
258,0,1,1,1,1,1,1,1,1
259,0,1,1,1,1,1,1,1,1
260,0,1,1,1,1,1,1,1,1
261,0,1,1,1,1,1,1,1,1
262,0,1,1,1,1,1,1,1,1
263,0,1,1,1,1,1,1,1,1
264,0,1,1,1,1,1,1,1,0
265,0,1,1,1,1,1,1,1,0
266,0,1,1,1,1,1,1,1,0
267,0,1,1,1,1,1,1,1,0
268,0,1,1,1,1,1,1,1,1
269,0,1,1,1,1,1,1,1,1
270,0,1,1,1,1,1,1,1,1
271,0,1,1,1,1,1,1,1,1
272,0,1,1,1,1,1,1,1,1
273,0,1,1,1,1,1,1,1,1
274,0,1,1,1,1,1,1,1,1
275,0,1,1,1,1,1,1,1,1
276,0,1,1,1,1,1,1,1,1
277,0,1,1,1,1,1,1,1,1
278,0,1,1,1,1,1,1,1,1
279,0,1,1,1,1,1,1,1,1
280,0,1,1,1,1,1,1,1,0
281,0,1,1,1,1,1,1,1,0
282,0,1,1,1,1,1,1,1,0
283,0,1,1,1,1,1,1,1,0
284,0,1,1,1,1,1,1,1,1
285,0,1,1,1,1,1,1,1,1
286,0,1,1,1,1,1,1,1,1
287,0,1,1,1,1,1,1,1,1
288,0,1,1,1,1,1,1,1,0
289,0,1,1,1,1,1,1,1,0
290,0,1,1,1,1,1,1,1,0
291,0,1,1,1,1,1,1,1,0
292,0,1,1,1,1,1,1,1,1
293,0,1,1,1,1,1,1,1,1
294,0,1,1,1,1,1,1,1,1
295,0,1,1,1,1,1,1,1,1
296,0,1,1,0,1,1,1,1,1
297,0,1,1,0,1,1,1,1,1
298,0,1,1,0,1,1,1,1,1
299,0,1,1,0,1,1,1,1,1
300,0,1,1,1,1,1,1,1,0
301,0,1,1,1,1,1,1,1,0
302,0,1,1,1,1,1,1,1,0
303,0,1,1,1,1,1,1,1,0
304,0,1,1,1,1,1,1,1,1
305,0,1,1,1,1,1,1,1,1
306,0,1,1,1,1,1,1,1,1
307,0,1,1,1,1,1,1,1,1
308,1,1,1,1,1,1,1,1,1
309,1,1,1,1,1,1,1,1,1
310,1,1,1,1,1,1,1,1,1
311,1,1,1,1,1,1,1,1,1
312,0,1,1,1,1,1,1,1,1
313,0,1,1,1,1,1,1,1,1
314,0,1,1,1,1,1,1,1,1
315,0,1,1,1,1,1,1,1,1
316,0,1,1,1,1,1,1,1,1
317,0,1,1,1,1,1,1,1,1
318,0,1,1,1,1,1,1,1,1
319,0,1,1,1,1,1,1,1,1
320,0,1,1,1,1,1,1,1,0
321,0,1,1,1,1,1,1,1,0
322,0,1,1,1,1,1,1,1,0
323,0,1,1,1,1,1,1,1,0
324,0,1,1,1,1,1,1,1,1
325,0,1,1,1,1,1,1,1,1
326,0,1,1,1,1,1,1,1,1
327,0,1,1,1,1,1,1,1,1
328,1,1,1,1,1,1,1,1,1
329,1,1,1,1,1,1,1,1,1
330,1,1,1,1,1,1,1,1,1
331,1,1,1,1,1,1,1,1,1
332,0,1,1,1,1,1,1,1,1
333,0,1,1,1,1,1,1,1,1
334,0,1,1,1,1,1,1,1,1
335,0,1,1,1,1,1,1,1,1
336,0,1,1,1,1,1,1,1,1
337,0,1,1,1,1,1,1,1,1
338,0,1,1,1,1,1,1,1,1
339,0,1,1,1,1,1,1,1,1
340,0,1,1,1,1,1,1,1,1
341,0,1,1,1,1,1,1,1,1
342,0,1,1,1,1,1,1,1,1
343,0,1,1,1,1,1,1,1,1
344,1,1,1,1,1,1,1,1,1
345,1,1,1,1,1,1,1,1,1
346,1,1,1,1,1,1,1,1,1
347,1,1,1,1,1,1,1,1,1
348,0,1,1,1,1,1,1,1,1
349,0,1,1,1,1,1,1,1,1
350,0,1,1,1,1,1,1,1,1
351,0,1,1,1,1,1,1,1,1
352,0,1,1,1,1,1,1,1,0
353,0,1,1,1,1,1,1,1,0
354,0,1,1,1,1,1,1,1,0
355,0,1,1,1,1,1,1,1,0
356,0,1,1,1,1,1,1,1,1
357,0,1,1,1,1,1,1,1,1
358,0,1,1,1,1,1,1,1,1
359,0,1,1,1,1,1,1,1,1
360,0,1,1,1,1,1,1,1,0
361,0,1,1,1,1,1,1,1,0
362,0,1,1,1,1,1,1,1,0
363,0,1,1,1,1,1,1,1,0
364,1,1,1,1,1,1,1,1,1
365,1,1,1,1,1,1,1,1,1
366,1,1,1,1,1,1,1,1,1
367,1,1,1,1,1,1,1,1,1
368,1,1,1,1,1,1,1,1,1
369,1,1,1,1,1,1,1,1,1
370,1,1,1,1,1,1,1,1,1
371,1,1,1,1,1,1,1,1,1
372,0,1,1,1,1,1,1,1,1
373,0,1,1,1,1,1,1,1,1
374,0,1,1,1,1,1,1,1,1
375,0,1,1,1,1,1,1,1,1
376,0,1,1,1,1,1,1,1,0
377,0,1,1,1,1,1,1,1,0
378,0,1,1,1,1,1,1,1,0
379,0,1,1,1,1,1,1,1,0
380,0,1,1,1,1,1,1,1,0
381,0,1,1,1,1,1,1,1,0
382,0,1,1,1,1,1,1,1,0
383,0,1,1,1,1,1,1,1,0
384,1,1,1,1,1,1,1,1,1
385,1,1,1,1,1,1,1,1,1
386,1,1,1,1,1,1,1,1,1
387,1,1,1,1,1,1,1,1,1
388,1,1,1,1,1,1,1,1,1
389,1,1,1,1,1,1,1,1,1
390,1,1,1,1,1,1,1,1,1
391,1,1,1,1,1,1,1,1,1
392,0,1,1,1,1,1,1,1,1
393,0,1,1,1,1,1,1,1,1
394,0,1,1,1,1,1,1,1,1
395,0,1,1,1,1,1,1,1,1
396,0,1,1,1,1,1,1,1,1
397,0,1,1,1,1,1,1,1,1
398,0,1,1,1,1,1,1,1,1
399,0,1,1,1,1,1,1,1,1
400,1,1,1,1,1,1,1,1,1
401,1,1,1,1,1,1,1,1,1
402,1,1,1,1,1,1,1,1,1
403,1,1,1,1,1,1,1,1,1
404,0,1,1,1,1,1,1,1,0
405,0,1,1,1,1,1,1,1,0
406,0,1,1,1,1,1,1,1,0
407,0,1,1,1,1,1,1,1,0
408,0,1,1,1,1,1,1,1,0
409,0,1,1,1,1,1,1,1,0
410,0,1,1,1,1,1,1,1,0
411,0,1,1,1,1,1,1,1,0
412,0,1,1,1,1,1,1,1,1
413,0,1,1,1,1,1,1,1,1
414,0,1,1,1,1,1,1,1,1
415,0,1,1,1,1,1,1,1,1
416,0,1,1,1,1,1,1,1,1
417,0,1,1,1,1,1,1,1,1
418,0,1,1,1,1,1,1,1,1
419,0,1,1,1,1,1,1,1,1
420,0,1,1,1,1,1,1,1,1
421,0,1,1,1,1,1,1,1,1
422,0,1,1,1,1,1,1,1,1
423,0,1,1,1,1,1,1,1,1
424,0,1,1,1,1,1,1,1,1
425,0,1,1,1,1,1,1,1,1
426,0,1,1,1,1,1,1,1,1
427,0,1,1,1,1,1,1,1,1
428,1,1,1,1,1,1,1,1,0
429,1,1,1,1,1,1,1,1,0
430,1,1,1,1,1,1,1,1,0
431,1,1,1,1,1,1,1,1,0
432,0,1,1,1,1,1,1,1,1
433,0,1,1,1,1,1,1,1,1
434,0,1,1,1,1,1,1,1,1
435,0,1,1,1,1,1,1,1,1
436,1,1,1,1,1,1,1,1,0
437,1,1,1,1,1,1,1,1,0
438,1,1,1,1,1,1,1,1,0
439,1,1,1,1,1,1,1,1,0
440,0,1,1,1,1,1,1,1,0
441,0,1,1,1,1,1,1,1,0
442,0,1,1,1,1,1,1,1,0
443,0,1,1,1,1,1,1,1,0
444,0,1,1,1,1,1,1,1,1
445,0,1,1,1,1,1,1,1,1
446,0,1,1,1,1,1,1,1,1
447,0,1,1,1,1,1,1,1,1
448,0,1,1,1,1,1,1,1,0
449,0,1,1,1,1,1,1,1,0
450,0,1,1,1,1,1,1,1,0
451,0,1,1,1,1,1,1,1,0
452,0,1,1,1,1,1,1,1,0
453,0,1,1,1,1,1,1,1,0
454,0,1,1,1,1,1,1,1,0
455,0,1,1,1,1,1,1,1,0
456,1,1,1,1,1,1,1,1,1
457,1,1,1,1,1,1,1,1,1
458,1,1,1,1,1,1,1,1,1
459,1,1,1,1,1,1,1,1,1
460,0,1,1,1,1,1,1,1,1
461,0,1,1,1,1,1,1,1,1
462,0,1,1,1,1,1,1,1,1
463,0,1,1,1,1,1,1,1,1
464,0,1,1,1,1,1,1,1,0
465,0,1,1,1,1,1,1,1,0
466,0,1,1,1,1,1,1,1,0
467,0,1,1,1,1,1,1,1,0
468,0,1,1,1,1,1,1,1,0
469,0,1,1,1,1,1,1,1,0
470,0,1,1,1,1,1,1,1,0
471,0,1,1,1,1,1,1,1,0
472,0,1,1,1,1,1,1,1,1
473,0,1,1,1,1,1,1,1,1
474,0,1,1,1,1,1,1,1,1
475,0,1,1,1,1,1,1,1,1
476,0,1,1,1,1,1,1,1,1
477,0,1,1,1,1,1,1,1,1
478,0,1,1,1,1,1,1,1,1
479,0,1,1,1,1,1,1,1,1
480,0,1,1,1,1,1,1,1,0
481,0,1,1,1,1,1,1,1,0
482,0,1,1,1,1,1,1,1,0
483,0,1,1,1,1,1,1,1,0
484,0,1,1,1,1,1,1,1,1
485,0,1,1,1,1,1,1,1,1
486,0,1,1,1,1,1,1,1,1
487,0,1,1,1,1,1,1,1,1
488,0,1,1,1,1,1,1,1,1
489,0,1,1,1,1,1,1,1,1
490,0,1,1,1,1,1,1,1,1
491,0,1,1,1,1,1,1,1,1
492,0,1,1,1,1,1,1,1,0
493,0,1,1,1,1,1,1,1,0
494,0,1,1,1,1,1,1,1,0
495,0,1,1,1,1,1,1,1,0
496,0,1,1,1,1,0,1,1,1
497,0,1,1,1,1,0,1,1,1
498,0,1,1,1,1,0,1,1,1
499,0,1,1,1,1,0,1,1,1
500,0,1,1,1,1,1,1,1,1
501,0,1,1,1,1,1,1,1,1
502,0,1,1,1,1,1,1,1,1
503,0,1,1,1,1,1,1,1,1
504,0,1,1,1,1,1,1,1,1
505,0,1,1,1,1,1,1,1,1
506,0,1,1,1,1,1,1,1,1
507,0,1,1,1,1,1,1,1,1
508,0,1,1,1,1,1,1,1,1
509,0,1,1,1,1,1,1,1,1
510,0,1,1,1,1,1,1,1,1
511,0,1,1,1,1,1,1,1,1
512,0,1,1,1,1,1,1,1,0
513,0,1,1,1,1,1,1,1,0
514,0,1,1,1,1,1,1,1,0
515,0,1,1,1,1,1,1,1,0
516,0,1,1,1,1,1,1,1,0
517,0,1,1,1,1,1,1,1,0
518,0,1,1,1,1,1,1,1,0
519,0,1,1,1,1,1,1,1,0
520,0,1,1,1,1,1,1,1,0
521,0,1,1,1,1,1,1,1,0
522,0,1,1,1,1,1,1,1,0
523,0,1,1,1,1,1,1,1,0
524,0,1,1,1,1,1,1,1,1
525,0,1,1,1,1,1,1,1,1
526,0,1,1,1,1,1,1,1,1
527,0,1,1,1,1,1,1,1,1
528,0,1,1,1,1,1,1,1,1
529,0,1,1,1,1,1,1,1,1
530,0,1,1,1,1,1,1,1,1
531,0,1,1,1,1,1,1,1,1
532,0,1,1,1,1,1,1,1,1
533,0,1,1,1,1,1,1,1,1
534,0,1,1,1,1,1,1,1,1
535,0,1,1,1,1,1,1,1,1
536,0,1,1,1,1,1,1,1,0
537,0,1,1,1,1,1,1,1,0
538,0,1,1,1,1,1,1,1,0
539,0,1,1,1,1,1,1,1,0
540,0,1,1,1,1,0,1,1,1
541,0,1,1,1,1,0,1,1,1
542,0,1,1,1,1,0,1,1,1
543,0,1,1,1,1,0,1,1,1
544,0,1,1,1,1,1,1,1,0
545,0,1,1,1,1,1,1,1,0
546,0,1,1,1,1,1,1,1,0
547,0,1,1,1,1,1,1,1,0
548,0,1,1,0,1,1,1,1,0
549,0,1,1,0,1,1,1,1,0
550,0,1,1,0,1,1,1,1,0
551,0,1,1,0,1,1,1,1,0
552,0,1,0,1,1,1,1,1,1
553,0,1,0,1,1,1,1,1,1
554,0,1,0,1,1,1,1,1,1
555,0,1,0,1,1,1,1,1,1
556,0,1,1,1,1,1,1,1,1
557,0,1,1,1,1,1,1,1,1
558,0,1,1,1,1,1,1,1,1
559,0,1,1,1,1,1,1,1,1
560,0,1,1,1,1,1,1,1,0
561,0,1,1,1,1,1,1,1,0
562,0,1,1,1,1,1,1,1,0
563,0,1,1,1,1,1,1,1,0
564,0,1,1,1,1,1,1,1,0
565,0,1,1,1,1,1,1,1,0
566,0,1,1,1,1,1,1,1,0
567,0,1,1,1,1,1,1,1,0
568,1,1,1,1,1,1,1,1,1
569,1,1,1,1,1,1,1,1,1
570,1,1,1,1,1,1,1,1,1
571,1,1,1,1,1,1,1,1,1
572,0,1,1,1,1,1,1,1,0
573,0,1,1,1,1,1,1,1,0
574,0,1,1,1,1,1,1,1,0
575,0,1,1,1,1,1,1,1,0
576,0,1,1,1,1,1,1,1,0
577,0,1,1,1,1,1,1,1,0
578,0,1,1,1,1,1,1,1,0
579,0,1,1,1,1,1,1,1,0
580,0,1,1,0,1,1,1,1,1
581,0,1,1,0,1,1,1,1,1
582,0,1,1,0,1,1,1,1,1
583,0,1,1,0,1,1,1,1,1
584,0,1,1,1,1,1,1,1,0
585,0,1,1,1,1,1,1,1,0
586,0,1,1,1,1,1,1,1,0
587,0,1,1,1,1,1,1,1,0
588,1,1,1,1,1,1,1,1,1
589,1,1,1,1,1,1,1,1,1
590,1,1,1,1,1,1,1,1,1
591,1,1,1,1,1,1,1,1,1
592,0,1,1,1,1,1,1,1,1
593,0,1,1,1,1,1,1,1,1
594,0,1,1,1,1,1,1,1,1
595,0,1,1,1,1,1,1,1,1
596,0,1,1,1,1,1,1,1,0
597,0,1,1,1,1,1,1,1,0
598,0,1,1,1,1,1,1,1,0
599,0,1,1,1,1,1,1,1,0
600,0,1,1,1,1,1,1,1,1
601,0,1,1,1,1,1,1,1,1
602,0,1,1,1,1,1,1,1,1
603,0,1,1,1,1,1,1,1,1
604,0,1,1,1,1,1,1,1,1
605,0,1,1,1,1,1,1,1,1
606,0,1,1,1,1,1,1,1,1
607,0,1,1,1,1,1,1,1,1
608,0,1,1,0,1,1,1,1,0
609,0,1,1,0,1,1,1,1,0
610,0,1,1,0,1,1,1,1,0
611,0,1,1,0,1,1,1,1,0
612,0,1,1,1,1,1,1,1,1
613,0,1,1,1,1,1,1,1,1
614,0,1,1,1,1,1,1,1,1
615,0,1,1,1,1,1,1,1,1
616,0,1,1,1,1,1,1,1,1
617,0,1,1,1,1,1,1,1,1
618,0,1,1,1,1,1,1,1,1
619,0,1,1,1,1,1,1,1,1
620,0,1,1,1,1,1,1,1,0
621,0,1,1,1,1,1,1,1,0
622,0,1,1,1,1,1,1,1,0
623,0,1,1,1,1,1,1,1,0
624,0,1,1,1,1,1,1,1,0
625,0,1,1,1,1,1,1,1,0
626,0,1,1,1,1,1,1,1,0
627,0,1,1,1,1,1,1,1,0
628,0,1,1,1,1,1,1,1,0
629,0,1,1,1,1,1,1,1,0
630,0,1,1,1,1,1,1,1,0
631,0,1,1,1,1,1,1,1,0
632,0,1,1,1,1,1,1,1,1
633,0,1,1,1,1,1,1,1,1
634,0,1,1,1,1,1,1,1,1
635,0,1,1,1,1,1,1,1,1
636,1,1,1,1,1,1,1,1,1
637,1,1,1,1,1,1,1,1,1
638,1,1,1,1,1,1,1,1,1
639,1,1,1,1,1,1,1,1,1
640,0,1,1,1,1,1,1,1,0
641,0,1,1,1,1,1,1,1,0
642,0,1,1,1,1,1,1,1,0
643,0,1,1,1,1,1,1,1,0
644,0,1,1,1,1,1,1,1,1
645,0,1,1,1,1,1,1,1,1
646,0,1,1,1,1,1,1,1,1
647,0,1,1,1,1,1,1,1,1
648,1,1,1,1,1,1,1,1,1
649,1,1,1,1,1,1,1,1,1
650,1,1,1,1,1,1,1,1,1
651,1,1,1,1,1,1,1,1,1
652,0,1,1,1,1,1,1,1,1
653,0,1,1,1,1,1,1,1,1
654,0,1,1,1,1,1,1,1,1
655,0,1,1,1,1,1,1,1,1
656,0,1,1,1,1,1,1,1,1
657,0,1,1,1,1,1,1,1,1
658,0,1,1,1,1,1,1,1,1
659,0,1,1,1,1,1,1,1,1
660,0,1,1,1,1,1,1,1,0
661,0,1,1,1,1,1,1,1,0
662,0,1,1,1,1,1,1,1,0
663,0,1,1,1,1,1,1,1,0
664,0,1,1,1,1,1,1,1,1
665,0,1,1,1,1,1,1,1,1
666,0,1,1,1,1,1,1,1,1
667,0,1,1,1,1,1,1,1,1
668,0,1,1,1,1,1,1,1,1
669,0,1,1,1,1,1,1,1,1
670,0,1,1,1,1,1,1,1,1
671,0,1,1,1,1,1,1,1,1
672,0,1,1,1,1,1,1,1,0
673,0,1,1,1,1,1,1,1,0
674,0,1,1,1,1,1,1,1,0
675,0,1,1,1,1,1,1,1,0
676,0,1,1,1,1,1,1,1,1
677,0,1,1,1,1,1,1,1,1
678,0,1,1,1,1,1,1,1,1
679,0,1,1,1,1,1,1,1,1
680,0,1,1,1,1,1,1,1,0
681,0,1,1,1,1,1,1,1,0
682,0,1,1,1,1,1,1,1,0
683,0,1,1,1,1,1,1,1,0
684,0,1,1,1,1,1,1,1,0
685,0,1,1,1,1,1,1,1,0
686,0,1,1,1,1,1,1,1,0
687,0,1,1,1,1,1,1,1,0
688,0,1,1,1,1,1,1,1,1
689,0,1,1,1,1,1,1,1,1
690,0,1,1,1,1,1,1,1,1
691,0,1,1,1,1,1,1,1,1
692,0,1,1,1,1,1,1,1,1
693,0,1,1,1,1,1,1,1,1
694,0,1,1,1,1,1,1,1,1
695,0,1,1,1,1,1,1,1,1
696,0,1,1,1,1,1,1,1,0
697,0,1,1,1,1,1,1,1,0
698,0,1,1,1,1,1,1,1,0
699,0,1,1,1,1,1,1,1,0
700,0,1,1,1,1,1,1,1,0
701,0,1,1,1,1,1,1,1,0
702,0,1,1,1,1,1,1,1,0
703,0,1,1,1,1,1,1,1,0
704,0,1,1,1,1,1,1,1,1
705,0,1,1,1,1,1,1,1,1
706,0,1,1,1,1,1,1,1,1
707,0,1,1,1,1,1,1,1,1
708,0,1,1,1,1,1,1,1,1
709,0,1,1,1,1,1,1,1,1
710,0,1,1,1,1,1,1,1,1
711,0,1,1,1,1,1,1,1,1
712,0,1,1,1,1,1,1,1,0
713,0,1,1,1,1,1,1,1,0
714,0,1,1,1,1,1,1,1,0
715,0,1,1,1,1,1,1,1,0
716,1,1,1,1,1,1,1,1,1
717,1,1,1,1,1,1,1,1,1
718,1,1,1,1,1,1,1,1,1
719,1,1,1,1,1,1,1,1,1
720,0,1,1,1,1,1,1,1,1
721,0,1,1,1,1,1,1,1,1
722,0,1,1,1,1,1,1,1,1
723,0,1,1,1,1,1,1,1,1
724,0,1,1,1,1,1,1,1,1
725,0,1,1,1,1,1,1,1,1
726,0,1,1,1,1,1,1,1,1
727,0,1,1,1,1,1,1,1,1
728,1,1,1,1,1,1,1,1,0
729,1,1,1,1,1,1,1,1,0
730,1,1,1,1,1,1,1,1,0
731,1,1,1,1,1,1,1,1,0
732,0,1,1,1,1,1,1,1,0
733,0,1,1,1,1,1,1,1,0
734,0,1,1,1,1,1,1,1,0
735,0,1,1,1,1,1,1,1,0
736,0,1,1,0,1,1,1,1,0
737,0,1,1,0,1,1,1,1,0
738,0,1,1,0,1,1,1,1,0
739,0,1,1,0,1,1,1,1,0
740,0,1,1,1,1,1,1,1,0
741,0,1,1,1,1,1,1,1,0
742,0,1,1,1,1,1,1,1,0
743,0,1,1,1,1,1,1,1,0
744,0,1,1,1,1,1,1,1,1
745,0,1,1,1,1,1,1,1,1
746,0,1,1,1,1,1,1,1,1
747,0,1,1,1,1,1,1,1,1
748,0,1,1,1,1,1,1,1,1
749,0,1,1,1,1,1,1,1,1
750,0,1,1,1,1,1,1,1,1
751,0,1,1,1,1,1,1,1,1
752,1,1,1,0,1,1,1,1,1
753,1,1,1,0,1,1,1,1,1
754,1,1,1,0,1,1,1,1,1
755,1,1,1,0,1,1,1,1,1
756,0,1,1,1,1,1,1,1,0
757,0,1,1,1,1,1,1,1,0
758,0,1,1,1,1,1,1,1,0
759,0,1,1,1,1,1,1,1,0
760,0,1,1,1,1,1,1,1,0
761,0,1,1,1,1,1,1,1,0
762,0,1,1,1,1,1,1,1,0
763,0,1,1,1,1,1,1,1,0
764,0,1,1,1,1,1,1,1,1
765,0,1,1,1,1,1,1,1,1
766,0,1,1,1,1,1,1,1,1
767,0,1,1,1,1,1,1,1,1
768,0,1,1,1,1,1,1,1,0
769,0,1,1,1,1,1,1,1,0
770,0,1,1,1,1,1,1,1,0
771,0,1,1,1,1,1,1,1,0
772,0,1,1,1,1,1,1,1,1
773,0,1,1,1,1,1,1,1,1
774,0,1,1,1,1,1,1,1,1
775,0,1,1,1,1,1,1,1,1
776,0,1,1,1,1,1,1,1,1
777,0,1,1,1,1,1,1,1,1
778,0,1,1,1,1,1,1,1,1
779,0,1,1,1,1,1,1,1,1
780,1,1,1,1,1,1,1,1,1
781,1,1,1,1,1,1,1,1,1
782,1,1,1,1,1,1,1,1,1
783,1,1,1,1,1,1,1,1,1
784,0,1,1,1,1,1,1,1,1
785,0,1,1,1,1,1,1,1,1
786,0,1,1,1,1,1,1,1,1
787,0,1,1,1,1,1,1,1,1
788,0,1,1,1,1,1,1,1,1
789,0,1,1,1,1,1,1,1,1
790,0,1,1,1,1,1,1,1,1
791,0,1,1,1,1,1,1,1,1
792,0,1,1,1,1,1,1,1,1
793,0,1,1,1,1,1,1,1,1
794,0,1,1,1,1,1,1,1,1
795,0,1,1,1,1,1,1,1,1
796,0,1,1,1,1,1,1,1,0
797,0,1,1,1,1,1,1,1,0
798,0,1,1,1,1,1,1,1,0
799,0,1,1,1,1,1,1,1,0
800,0,1,1,1,1,1,1,1,1
801,0,1,1,1,1,1,1,1,1
802,0,1,1,1,1,1,1,1,1
803,0,1,1,1,1,1,1,1,1
804,0,1,1,1,1,1,1,1,1
805,0,1,1,1,1,1,1,1,1
806,0,1,1,1,1,1,1,1,1
807,0,1,1,1,1,1,1,1,1
808,0,1,1,1,1,1,1,1,0
809,0,1,1,1,1,1,1,1,0
810,0,1,1,1,1,1,1,1,0
811,0,1,1,1,1,1,1,1,0
812,0,1,1,0,1,1,1,1,0
813,0,1,1,0,1,1,1,1,0
814,0,1,1,0,1,1,1,1,0
815,0,1,1,0,1,1,1,1,0
816,0,1,1,1,1,0,1,1,0
817,0,1,1,1,1,0,1,1,0
818,0,1,1,1,1,0,1,1,0
819,0,1,1,1,1,0,1,1,0
820,0,1,1,1,1,1,1,1,1
821,0,1,1,1,1,1,1,1,1
822,0,1,1,1,1,1,1,1,1
823,0,1,1,1,1,1,1,1,1
824,0,1,1,1,1,1,1,1,1
825,0,1,1,1,1,1,1,1,1
826,0,1,1,1,1,1,1,1,1
827,0,1,1,1,1,1,1,1,1
828,0,1,1,1,1,1,1,1,1
829,0,1,1,1,1,1,1,1,1
830,0,1,1,1,1,1,1,1,1
831,0,1,1,1,1,1,1,1,1
832,0,1,1,1,1,1,1,1,0
833,0,1,1,1,1,1,1,1,0
834,0,1,1,1,1,1,1,1,0
835,0,1,1,1,1,1,1,1,0
836,0,1,1,1,1,1,1,1,1
837,0,1,1,1,1,1,1,1,1
838,0,1,1,1,1,1,1,1,1
839,0,1,1,1,1,1,1,1,1
840,0,1,1,1,1,1,1,1,1
841,0,1,1,1,1,1,1,1,1
842,0,1,1,1,1,1,1,1,1
843,0,1,1,1,1,1,1,1,1
844,0,1,1,1,1,1,1,1,1
845,0,1,1,1,1,1,1,1,1
846,0,1,1,1,1,1,1,1,1
847,0,1,1,1,1,1,1,1,1
848,0,1,1,1,1,1,1,1,1
849,0,1,1,1,1,1,1,1,1
850,0,1,1,1,1,1,1,1,1
851,0,1,1,1,1,1,1,1,1
852,1,1,1,1,1,1,1,1,1
853,1,1,1,1,1,1,1,1,1
854,1,1,1,1,1,1,1,1,1
855,1,1,1,1,1,1,1,1,1
856,0,1,1,1,1,1,1,1,0
857,0,1,1,1,1,1,1,1,0
858,0,1,1,1,1,1,1,1,0
859,0,1,1,1,1,1,1,1,0
860,0,1,1,1,1,1,1,1,1
861,0,1,1,1,1,1,1,1,1
862,0,1,1,1,1,1,1,1,1
863,0,1,1,1,1,1,1,1,1
864,0,1,1,1,1,1,1,1,1
865,0,1,1,1,1,1,1,1,1
866,0,1,1,1,1,1,1,1,1
867,0,1,1,1,1,1,1,1,1
868,0,0,1,1,1,1,1,1,1
869,0,0,1,1,1,1,1,1,1
870,0,0,1,1,1,1,1,1,1
871,0,0,1,1,1,1,1,1,1
872,0,1,1,1,1,1,1,1,0
873,0,1,1,1,1,1,1,1,0
874,0,1,1,1,1,1,1,1,0
875,0,1,1,1,1,1,1,1,0
876,0,1,1,1,1,1,1,1,1
877,0,1,1,1,1,1,1,1,1
878,0,1,1,1,1,1,1,1,1
879,0,1,1,1,1,1,1,1,1
880,1,1,1,1,1,1,1,1,1
881,1,1,1,1,1,1,1,1,1
882,1,1,1,1,1,1,1,1,1
883,1,1,1,1,1,1,1,1,1
884,0,1,1,1,1,1,1,1,0
885,0,1,1,1,1,1,1,1,0
886,0,1,1,1,1,1,1,1,0
887,0,1,1,1,1,1,1,1,0
888,1,1,1,1,1,1,1,1,1
889,1,1,1,1,1,1,1,1,1
890,1,1,1,1,1,1,1,1,1
891,1,1,1,1,1,1,1,1,1
892,0,1,1,1,1,1,1,1,1
893,0,1,1,1,1,1,1,1,1
894,0,1,1,1,1,1,1,1,1
895,0,1,1,1,1,1,1,1,1
896,0,1,1,1,1,1,1,1,1
897,0,1,1,1,1,1,1,1,1
898,0,1,1,1,1,1,1,1,1
899,0,1,1,1,1,1,1,1,1
900,0,1,1,1,1,1,1,1,0
901,0,1,1,1,1,1,1,1,0
902,0,1,1,1,1,1,1,1,0
903,0,1,1,1,1,1,1,1,0
904,0,1,1,1,1,1,1,1,1
905,0,1,1,1,1,1,1,1,1
906,0,1,1,1,1,1,1,1,1
907,0,1,1,1,1,1,1,1,1
908,0,1,1,1,1,1,1,1,0
909,0,1,1,1,1,1,1,1,0
910,0,1,1,1,1,1,1,1,0
911,0,1,1,1,1,1,1,1,0
912,0,1,1,1,1,1,1,1,1
913,0,1,1,1,1,1,1,1,1
914,0,1,1,1,1,1,1,1,1
915,0,1,1,1,1,1,1,1,1
916,1,1,1,1,1,1,1,1,1
917,1,1,1,1,1,1,1,1,1
918,1,1,1,1,1,1,1,1,1
919,1,1,1,1,1,1,1,1,1
920,0,1,1,1,1,1,1,1,0
921,0,1,1,1,1,1,1,1,0
922,0,1,1,1,1,1,1,1,0
923,0,1,1,1,1,1,1,1,0
924,0,1,1,1,1,1,1,1,1
925,0,1,1,1,1,1,1,1,1
926,0,1,1,1,1,1,1,1,1
927,0,1,1,1,1,1,1,1,1
928,0,1,1,1,1,1,1,1,0
929,0,1,1,1,1,1,1,1,0
930,0,1,1,1,1,1,1,1,0
931,0,1,1,1,1,1,1,1,0
932,0,1,1,1,1,1,1,1,0
933,0,1,1,1,1,1,1,1,0
934,0,1,1,1,1,1,1,1,0
935,0,1,1,1,1,1,1,1,0
936,0,1,1,1,1,1,1,1,1
937,0,1,1,1,1,1,1,1,1
938,0,1,1,1,1,1,1,1,1
939,0,1,1,1,1,1,1,1,1
940,0,1,1,1,1,1,1,1,0
941,0,1,1,1,1,1,1,1,0
942,0,1,1,1,1,1,1,1,0
943,0,1,1,1,1,1,1,1,0
944,0,1,1,1,1,1,1,1,1
945,0,1,1,1,1,1,1,1,1
946,0,1,1,1,1,1,1,1,1
947,0,1,1,1,1,1,1,1,1
948,0,1,1,1,1,1,1,1,1
949,0,1,1,1,1,1,1,1,1
950,0,1,1,1,1,1,1,1,1
951,0,1,1,1,1,1,1,1,1
952,0,1,1,1,1,1,1,1,0
953,0,1,1,1,1,1,1,1,0
954,0,1,1,1,1,1,1,1,0
955,0,1,1,1,1,1,1,1,0
956,0,1,1,1,1,1,1,1,1
957,0,1,1,1,1,1,1,1,1
958,0,1,1,1,1,1,1,1,1
959,0,1,1,1,1,1,1,1,1
960,0,1,1,1,1,1,1,1,1
961,0,1,1,1,1,1,1,1,1
962,0,1,1,1,1,1,1,1,1
963,0,1,1,1,1,1,1,1,1
964,0,1,1,1,1,1,1,1,0
965,0,1,1,1,1,1,1,1,0
966,0,1,1,1,1,1,1,1,0
967,0,1,1,1,1,1,1,1,0
968,0,1,1,1,1,1,1,1,0
969,0,1,1,1,1,1,1,1,0
970,0,1,1,1,1,1,1,1,0
971,0,1,1,1,1,1,1,1,0
972,0,1,1,1,1,1,1,1,1
973,0,1,1,1,1,1,1,1,1
974,0,1,1,1,1,1,1,1,1
975,0,1,1,1,1,1,1,1,1
976,1,1,1,1,1,1,1,1,0
977,1,1,1,1,1,1,1,1,0
978,1,1,1,1,1,1,1,1,0
979,1,1,1,1,1,1,1,1,0
980,0,1,1,1,1,1,1,1,0
981,0,1,1,1,1,1,1,1,0
982,0,1,1,1,1,1,1,1,0
983,0,1,1,1,1,1,1,1,0
984,0,1,1,1,1,1,1,1,1
985,0,1,1,1,1,1,1,1,1
986,0,1,1,1,1,1,1,1,1
987,0,1,1,1,1,1,1,1,1
988,0,1,1,1,1,1,1,1,0
989,0,1,1,1,1,1,1,1,0
990,0,1,1,1,1,1,1,1,0
991,0,1,1,1,1,1,1,1,0
992,0,1,1,1,1,1,1,1,1
993,0,1,1,1,1,1,1,1,1
994,0,1,1,1,1,1,1,1,1
995,0,1,1,1,1,1,1,1,1
996,1,1,1,1,1,1,1,1,1
997,1,1,1,1,1,1,1,1,1
998,1,1,1,1,1,1,1,1,1
999,1,1,1,1,1,1,1,1,1
1000,0,1,1,1,1,1,1,1,1
1001,0,1,1,1,1,1,1,1,1
1002,0,1,1,1,1,1,1,1,1
1003,0,1,1,1,1,1,1,1,1
1004,0,1,1,1,1,1,1,1,0
1005,0,1,1,1,1,1,1,1,0
1006,0,1,1,1,1,1,1,1,0
1007,0,1,1,1,1,1,1,1,0
1008,0,1,1,1,1,1,1,1,1
1009,0,1,1,1,1,1,1,1,1
1010,0,1,1,1,1,1,1,1,1
1011,0,1,1,1,1,1,1,1,1
1012,0,1,1,1,1,1,1,1,0
1013,0,1,1,1,1,1,1,1,0
1014,0,1,1,1,1,1,1,1,0
1015,0,1,1,1,1,1,1,1,0
1016,0,1,1,1,1,1,0,1,0
1017,0,1,1,1,1,1,0,1,0
1018,0,1,1,1,1,1,0,1,0
1019,0,1,1,1,1,1,0,1,0
1020,0,1,1,1,1,1,1,1,1
1021,0,1,1,1,1,1,1,1,1
1022,0,1,1,1,1,1,1,1,1
1023,0,1,1,1,1,1,1,1,1
1024,0,1,1,1,1,0,1,1,1
1025,0,1,1,1,1,0,1,1,1
1026,0,1,1,1,1,0,1,1,1
1027,0,1,1,1,1,0,1,1,1
1028,0,1,1,1,1,1,1,1,1
1029,0,1,1,1,1,1,1,1,1
1030,0,1,1,1,1,1,1,1,1
1031,0,1,1,1,1,1,1,1,1
1032,0,1,1,1,1,1,1,1,1
1033,0,1,1,1,1,1,1,1,1
1034,0,1,1,1,1,1,1,1,1
1035,0,1,1,1,1,1,1,1,1
1036,0,1,1,1,1,1,1,1,1
1037,0,1,1,1,1,1,1,1,1
1038,0,1,1,1,1,1,1,1,1
1039,0,1,1,1,1,1,1,1,1
1040,0,1,1,1,1,1,1,1,1
1041,0,1,1,1,1,1,1,1,1
1042,0,1,1,1,1,1,1,1,1
1043,0,1,1,1,1,1,1,1,1
1044,1,1,1,1,1,1,1,1,1
1045,1,1,1,1,1,1,1,1,1
1046,1,1,1,1,1,1,1,1,1
1047,1,1,1,1,1,1,1,1,1
1048,0,1,1,1,1,1,1,1,1
1049,0,1,1,1,1,1,1,1,1
1050,0,1,1,1,1,1,1,1,1
1051,0,1,1,1,1,1,1,1,1
1052,0,1,1,1,1,1,1,1,0
1053,0,1,1,1,1,1,1,1,0
1054,0,1,1,1,1,1,1,1,0
1055,0,1,1,1,1,1,1,1,0
1056,0,1,1,1,1,1,1,1,0
1057,0,1,1,1,1,1,1,1,0
1058,0,1,1,1,1,1,1,1,0
1059,0,1,1,1,1,1,1,1,0
1060,0,1,1,1,1,0,0,1,1
1061,0,1,1,1,1,0,0,1,1
1062,0,1,1,1,1,0,0,1,1
1063,0,1,1,1,1,0,0,1,1
1064,0,1,1,0,1,1,1,1,1
1065,0,1,1,0,1,1,1,1,1
1066,0,1,1,0,1,1,1,1,1
1067,0,1,1,0,1,1,1,1,1
1068,0,1,1,1,1,1,1,1,1
1069,0,1,1,1,1,1,1,1,1
1070,0,1,1,1,1,1,1,1,1
1071,0,1,1,1,1,1,1,1,1
1072,0,1,1,1,1,1,1,1,0
1073,0,1,1,1,1,1,1,1,0
1074,0,1,1,1,1,1,1,1,0
1075,0,1,1,1,1,1,1,1,0
1076,0,1,1,1,1,1,1,1,0
1077,0,1,1,1,1,1,1,1,0
1078,0,1,1,1,1,1,1,1,0
1079,0,1,1,1,1,1,1,1,0
1080,0,1,1,1,1,1,1,1,1
1081,0,1,1,1,1,1,1,1,1
1082,0,1,1,1,1,1,1,1,1
1083,0,1,1,1,1,1,1,1,1
1084,0,1,1,1,1,0,1,1,0
1085,0,1,1,1,1,0,1,1,0
1086,0,1,1,1,1,0,1,1,0
1087,0,1,1,1,1,0,1,1,0
1088,0,1,1,1,1,1,1,1,1
1089,0,1,1,1,1,1,1,1,1
1090,0,1,1,1,1,1,1,1,1
1091,0,1,1,1,1,1,1,1,1
1092,0,1,1,1,1,1,1,1,1
1093,0,1,1,1,1,1,1,1,1
1094,0,1,1,1,1,1,1,1,1
1095,0,1,1,1,1,1,1,1,1
1096,1,1,1,1,1,1,1,1,1
1097,1,1,1,1,1,1,1,1,1
1098,1,1,1,1,1,1,1,1,1
1099,1,1,1,1,1,1,1,1,1
1100,0,1,1,1,1,1,1,1,0
1101,0,1,1,1,1,1,1,1,0
1102,0,1,1,1,1,1,1,1,0
1103,0,1,1,1,1,1,1,1,0
1104,0,1,1,1,1,1,1,1,1
1105,0,1,1,1,1,1,1,1,1
1106,0,1,1,1,1,1,1,1,1
1107,0,1,1,1,1,1,1,1,1
1108,1,1,1,1,1,1,1,1,1
1109,1,1,1,1,1,1,1,1,1
1110,1,1,1,1,1,1,1,1,1
1111,1,1,1,1,1,1,1,1,1
1112,0,1,1,1,1,1,1,1,1
1113,0,1,1,1,1,1,1,1,1
1114,0,1,1,1,1,1,1,1,1
1115,0,1,1,1,1,1,1,1,1
1116,0,1,1,1,1,1,1,1,0
1117,0,1,1,1,1,1,1,1,0
1118,0,1,1,1,1,1,1,1,0
1119,0,1,1,1,1,1,1,1,0
1120,1,1,1,1,1,1,1,1,1
1121,1,1,1,1,1,1,1,1,1
1122,1,1,1,1,1,1,1,1,1
1123,1,1,1,1,1,1,1,1,1
1124,0,1,1,1,1,1,1,1,0
1125,0,1,1,1,1,1,1,1,0
1126,0,1,1,1,1,1,1,1,0
1127,0,1,1,1,1,1,1,1,0
1128,0,1,1,1,1,1,1,1,1
1129,0,1,1,1,1,1,1,1,1
1130,0,1,1,1,1,1,1,1,1
1131,0,1,1,1,1,1,1,1,1
1132,0,1,1,1,1,1,1,1,1
1133,0,1,1,1,1,1,1,1,1
1134,0,1,1,1,1,1,1,1,1
1135,0,1,1,1,1,1,1,1,1
1136,0,1,1,1,1,1,1,1,1
1137,0,1,1,1,1,1,1,1,1
1138,0,1,1,1,1,1,1,1,1
1139,0,1,1,1,1,1,1,1,1
1140,0,1,1,1,1,1,1,1,0
1141,0,1,1,1,1,1,1,1,0
1142,0,1,1,1,1,1,1,1,0
1143,0,1,1,1,1,1,1,1,0
1144,0,1,1,1,1,1,1,1,1
1145,0,1,1,1,1,1,1,1,1
1146,0,1,1,1,1,1,1,1,1
1147,0,1,1,1,1,1,1,1,1
1148,0,1,1,1,1,1,1,1,1
1149,0,1,1,1,1,1,1,1,1
1150,0,1,1,1,1,1,1,1,1
1151,0,1,1,1,1,1,1,1,1
1152,0,1,1,1,1,1,1,1,0
1153,0,1,1,1,1,1,1,1,0
1154,0,1,1,1,1,1,1,1,0
1155,0,1,1,1,1,1,1,1,0
1156,0,1,1,1,1,1,1,1,1
1157,0,1,1,1,1,1,1,1,1
1158,0,1,1,1,1,1,1,1,1
1159,0,1,1,1,1,1,1,1,1
1160,0,1,1,1,1,1,1,1,1
1161,0,1,1,1,1,1,1,1,1
1162,0,1,1,1,1,1,1,1,1
1163,0,1,1,1,1,1,1,1,1
1164,0,1,1,1,1,1,1,1,1
1165,0,1,1,1,1,1,1,1,1
1166,0,1,1,1,1,1,1,1,1
1167,0,1,1,1,1,1,1,1,1
1168,0,1,1,1,1,1,1,1,1
1169,0,1,1,1,1,1,1,1,1
1170,0,1,1,1,1,1,1,1,1
1171,0,1,1,1,1,1,1,1,1
1172,0,1,1,1,1,1,1,1,0
1173,0,1,1,1,1,1,1,1,0
1174,0,1,1,1,1,1,1,1,0
1175,0,1,1,1,1,1,1,1,0
1176,0,1,1,1,1,1,1,1,0
1177,0,1,1,1,1,1,1,1,0
1178,0,1,1,1,1,1,1,1,0
1179,0,1,1,1,1,1,1,1,0
1180,0,1,1,0,1,1,1,1,0
1181,0,1,1,0,1,1,1,1,0
1182,0,1,1,0,1,1,1,1,0
1183,0,1,1,0,1,1,1,1,0
1184,1,1,1,1,1,1,1,1,0
1185,1,1,1,1,1,1,1,1,0
1186,1,1,1,1,1,1,1,1,0
1187,1,1,1,1,1,1,1,1,0
1188,0,1,1,1,1,1,1,1,1
1189,0,1,1,1,1,1,1,1,1
1190,0,1,1,1,1,1,1,1,1
1191,0,1,1,1,1,1,1,1,1
1192,0,1,1,0,1,1,1,1,0
1193,0,1,1,0,1,1,1,1,0
1194,0,1,1,0,1,1,1,1,0
1195,0,1,1,0,1,1,1,1,0
1196,1,1,1,1,1,1,1,1,1
1197,1,1,1,1,1,1,1,1,1
1198,1,1,1,1,1,1,1,1,1
1199,1,1,1,1,1,1,1,1,1
1200,1,1,1,1,1,1,1,1,0
1201,1,1,1,1,1,1,1,1,0
1202,1,1,1,1,1,1,1,1,0
1203,1,1,1,1,1,1,1,1,0
1204,0,1,1,1,1,1,1,1,1
1205,0,1,1,1,1,1,1,1,1
1206,0,1,1,1,1,1,1,1,1
1207,0,1,1,1,1,1,1,1,1
1208,0,1,1,1,1,1,1,1,1
1209,0,1,1,1,1,1,1,1,1
1210,0,1,1,1,1,1,1,1,1
1211,0,1,1,1,1,1,1,1,1
1212,0,1,1,1,1,1,1,1,0
1213,0,1,1,1,1,1,1,1,0
1214,0,1,1,1,1,1,1,1,0
1215,0,1,1,1,1,1,1,1,0
1216,0,1,1,1,1,1,1,1,1
1217,0,1,1,1,1,1,1,1,1
1218,0,1,1,1,1,1,1,1,1
1219,0,1,1,1,1,1,1,1,1
1220,0,1,1,1,1,1,1,1,1
1221,0,1,1,1,1,1,1,1,1
1222,0,1,1,1,1,1,1,1,1
1223,0,1,1,1,1,1,1,1,1
1224,0,1,1,1,1,1,1,1,0
1225,0,1,1,1,1,1,1,1,0
1226,0,1,1,1,1,1,1,1,0
1227,0,1,1,1,1,1,1,1,0
1228,0,1,1,0,1,1,1,1,0
1229,0,1,1,0,1,1,1,1,0
1230,0,1,1,0,1,1,1,1,0
1231,0,1,1,0,1,1,1,1,0
1232,0,1,1,1,1,1,1,1,0
1233,0,1,1,1,1,1,1,1,0
1234,0,1,1,1,1,1,1,1,0
1235,0,1,1,1,1,1,1,1,0
1236,0,1,1,1,1,1,1,1,1
1237,0,1,1,1,1,1,1,1,1
1238,0,1,1,1,1,1,1,1,1
1239,0,1,1,1,1,1,1,1,1
1240,0,1,1,1,1,1,1,1,1
1241,0,1,1,1,1,1,1,1,1
1242,0,1,1,1,1,1,1,1,1
1243,0,1,1,1,1,1,1,1,1
1244,1,1,1,1,1,1,1,1,1
1245,1,1,1,1,1,1,1,1,1
1246,1,1,1,1,1,1,1,1,1
1247,1,1,1,1,1,1,1,1,1
1248,0,1,1,1,1,1,1,1,1
1249,0,1,1,1,1,1,1,1,1
1250,0,1,1,1,1,1,1,1,1
1251,0,1,1,1,1,1,1,1,1
1252,0,1,1,1,1,1,1,1,1
1253,0,1,1,1,1,1,1,1,1
1254,0,1,1,1,1,1,1,1,1
1255,0,1,1,1,1,1,1,1,1
1256,0,1,1,1,1,1,1,1,0
1257,0,1,1,1,1,1,1,1,0
1258,0,1,1,1,1,1,1,1,0
1259,0,1,1,1,1,1,1,1,0
1260,0,1,1,1,1,1,1,1,1
1261,0,1,1,1,1,1,1,1,1
1262,0,1,1,1,1,1,1,1,1
1263,0,1,1,1,1,1,1,1,1
1264,0,1,0,1,1,1,1,1,0
1265,0,1,0,1,1,1,1,1,0
1266,0,1,0,1,1,1,1,1,0
1267,0,1,0,1,1,1,1,1,0
1268,0,1,1,1,1,1,1,1,1
1269,0,1,1,1,1,1,1,1,1
1270,0,1,1,1,1,1,1,1,1
1271,0,1,1,1,1,1,1,1,1
1272,1,1,1,1,1,1,1,1,1
1273,1,1,1,1,1,1,1,1,1
1274,1,1,1,1,1,1,1,1,1
1275,1,1,1,1,1,1,1,1,1
1276,0,1,1,1,1,1,1,1,0
1277,0,1,1,1,1,1,1,1,0
1278,0,1,1,1,1,1,1,1,0
1279,0,1,1,1,1,1,1,1,0
1280,0,1,1,1,1,1,1,1,0
1281,0,1,1,1,1,1,1,1,0
1282,0,1,1,1,1,1,1,1,0
1283,0,1,1,1,1,1,1,1,0
1284,0,1,1,1,1,0,1,1,1
1285,0,1,1,1,1,0,1,1,1
1286,0,1,1,1,1,0,1,1,1
1287,0,1,1,1,1,0,1,1,1
1288,0,1,1,0,1,1,1,1,0
1289,0,1,1,0,1,1,1,1,0
1290,0,1,1,0,1,1,1,1,0
1291,0,1,1,0,1,1,1,1,0
1292,0,1,1,1,1,1,1,1,1
1293,0,1,1,1,1,1,1,1,1
1294,0,1,1,1,1,1,1,1,1
1295,0,1,1,1,1,1,1,1,1
1296,0,1,1,1,1,1,1,1,1
1297,0,1,1,1,1,1,1,1,1
1298,0,1,1,1,1,1,1,1,1
1299,0,1,1,1,1,1,1,1,1
1300,0,1,1,1,1,1,1,1,0
1301,0,1,1,1,1,1,1,1,0
1302,0,1,1,1,1,1,1,1,0
1303,0,1,1,1,1,1,1,1,0
1304,0,1,1,1,1,1,1,1,0
1305,0,1,1,1,1,1,1,1,0
1306,0,1,1,1,1,1,1,1,0
1307,0,1,1,1,1,1,1,1,0
1308,0,1,0,1,1,1,1,1,0
1309,0,1,0,1,1,1,1,1,0
1310,0,1,0,1,1,1,1,1,0
1311,0,1,0,1,1,1,1,1,0
1312,0,1,1,1,1,1,1,1,1
1313,0,1,1,1,1,1,1,1,1
1314,0,1,1,1,1,1,1,1,1
1315,0,1,1,1,1,1,1,1,1
1316,1,1,1,1,1,1,1,1,0
1317,1,1,1,1,1,1,1,1,0
1318,1,1,1,1,1,1,1,1,0
1319,1,1,1,1,1,1,1,1,0
1320,0,1,1,1,1,1,1,1,0
1321,0,1,1,1,1,1,1,1,0
1322,0,1,1,1,1,1,1,1,0
1323,0,1,1,1,1,1,1,1,0
1324,0,1,1,1,1,1,1,1,1
1325,0,1,1,1,1,1,1,1,1
1326,0,1,1,1,1,1,1,1,1
1327,0,1,1,1,1,1,1,1,1
1328,0,1,1,0,1,1,1,1,1
1329,0,1,1,0,1,1,1,1,1
1330,0,1,1,0,1,1,1,1,1
1331,0,1,1,0,1,1,1,1,1
1332,0,1,1,1,1,1,0,1,0
1333,0,1,1,1,1,1,0,1,0
1334,0,1,1,1,1,1,0,1,0
1335,0,1,1,1,1,1,0,1,0
1336,0,1,1,1,1,1,1,1,1
1337,0,1,1,1,1,1,1,1,1
1338,0,1,1,1,1,1,1,1,1
1339,0,1,1,1,1,1,1,1,1
1340,0,1,1,1,1,1,1,1,1
1341,0,1,1,1,1,1,1,1,1
1342,0,1,1,1,1,1,1,1,1
1343,0,1,1,1,1,1,1,1,1
1344,0,1,1,1,1,1,1,1,0
1345,0,1,1,1,1,1,1,1,0
1346,0,1,1,1,1,1,1,1,0
1347,0,1,1,1,1,1,1,1,0
1348,0,1,1,1,1,1,1,1,0
1349,0,1,1,1,1,1,1,1,0
1350,0,1,1,1,1,1,1,1,0
1351,0,1,1,1,1,1,1,1,0
1352,0,1,1,1,1,1,1,1,0
1353,0,1,1,1,1,1,1,1,0
1354,0,1,1,1,1,1,1,1,0
1355,0,1,1,1,1,1,1,1,0
1356,0,1,1,1,1,1,1,1,0
1357,0,1,1,1,1,1,1,1,0
1358,0,1,1,1,1,1,1,1,0
1359,0,1,1,1,1,1,1,1,0
1360,0,1,1,1,1,1,1,1,1
1361,0,1,1,1,1,1,1,1,1
1362,0,1,1,1,1,1,1,1,1
1363,0,1,1,1,1,1,1,1,1
1364,0,1,1,1,1,1,1,1,1
1365,0,1,1,1,1,1,1,1,1
1366,0,1,1,1,1,1,1,1,1
1367,0,1,1,1,1,1,1,1,1
1368,0,1,1,1,1,0,1,1,0
1369,0,1,1,1,1,0,1,1,0
1370,0,1,1,1,1,0,1,1,0
1371,0,1,1,1,1,0,1,1,0
1372,0,1,1,1,1,1,1,1,0
1373,0,1,1,1,1,1,1,1,0
1374,0,1,1,1,1,1,1,1,0
1375,0,1,1,1,1,1,1,1,0
1376,0,1,1,1,1,1,1,1,1
1377,0,1,1,1,1,1,1,1,1
1378,0,1,1,1,1,1,1,1,1
1379,0,1,1,1,1,1,1,1,1
1380,0,1,1,1,1,1,1,1,1
1381,0,1,1,1,1,1,1,1,1
1382,0,1,1,1,1,1,1,1,1
1383,0,1,1,1,1,1,1,1,1
1384,0,1,1,1,1,1,1,1,1
1385,0,1,1,1,1,1,1,1,1
1386,0,1,1,1,1,1,1,1,1
1387,0,1,1,1,1,1,1,1,1
1388,0,1,1,1,1,1,1,1,0
1389,0,1,1,1,1,1,1,1,0
1390,0,1,1,1,1,1,1,1,0
1391,0,1,1,1,1,1,1,1,0
1392,0,1,1,1,1,1,1,1,1
1393,0,1,1,1,1,1,1,1,1
1394,0,1,1,1,1,1,1,1,1
1395,0,1,1,1,1,1,1,1,1
1396,1,1,1,1,1,1,1,1,1
1397,1,1,1,1,1,1,1,1,1
1398,1,1,1,1,1,1,1,1,1
1399,1,1,1,1,1,1,1,1,1
1400,0,1,1,1,1,1,1,1,0
1401,0,1,1,1,1,1,1,1,0
1402,0,1,1,1,1,1,1,1,0
1403,0,1,1,1,1,1,1,1,0
1404,0,1,1,1,1,1,1,1,0
1405,0,1,1,1,1,1,1,1,0
1406,0,1,1,1,1,1,1,1,0
1407,0,1,1,1,1,1,1,1,0
1408,0,1,1,1,1,1,1,1,0
1409,0,1,1,1,1,1,1,1,0
1410,0,1,1,1,1,1,1,1,0
1411,0,1,1,1,1,1,1,1,0
1412,0,0,1,1,1,1,1,1,1
1413,0,0,1,1,1,1,1,1,1
1414,0,0,1,1,1,1,1,1,1
1415,0,0,1,1,1,1,1,1,1
1416,1,1,1,1,1,1,1,1,1
1417,1,1,1,1,1,1,1,1,1
1418,1,1,1,1,1,1,1,1,1
1419,1,1,1,1,1,1,1,1,1
1420,0,1,1,1,1,1,1,1,1
1421,0,1,1,1,1,1,1,1,1
1422,0,1,1,1,1,1,1,1,1
1423,0,1,1,1,1,1,1,1,1
1424,0,1,1,1,1,1,1,1,1
1425,0,1,1,1,1,1,1,1,1
1426,0,1,1,1,1,1,1,1,1
1427,0,1,1,1,1,1,1,1,1
1428,0,1,1,1,1,1,1,1,1
1429,0,1,1,1,1,1,1,1,1
1430,0,1,1,1,1,1,1,1,1
1431,0,1,1,1,1,1,1,1,1
1432,1,1,1,1,1,1,1,1,1
1433,1,1,1,1,1,1,1,1,1
1434,1,1,1,1,1,1,1,1,1
1435,1,1,1,1,1,1,1,1,1
1436,0,1,1,1,1,1,1,1,0
1437,0,1,1,1,1,1,1,1,0
1438,0,1,1,1,1,1,1,1,0
1439,0,1,1,1,1,1,1,1,0
1440,1,1,1,1,1,1,1,1,1
1441,1,1,1,1,1,1,1,1,1
1442,1,1,1,1,1,1,1,1,1
1443,1,1,1,1,1,1,1,1,1
1444,0,1,1,0,1,1,1,1,1
1445,0,1,1,0,1,1,1,1,1
1446,0,1,1,0,1,1,1,1,1
1447,0,1,1,0,1,1,1,1,1
1448,0,1,1,0,1,1,1,1,0
1449,0,1,1,0,1,1,1,1,0
1450,0,1,1,0,1,1,1,1,0
1451,0,1,1,0,1,1,1,1,0
1452,0,1,1,1,1,1,1,1,0
1453,0,1,1,1,1,1,1,1,0
1454,0,1,1,1,1,1,1,1,0
1455,0,1,1,1,1,1,1,1,0
1456,0,1,1,1,1,1,1,1,1
1457,0,1,1,1,1,1,1,1,1
1458,0,1,1,1,1,1,1,1,1
1459,0,1,1,1,1,1,1,1,1
1460,0,1,1,1,1,1,1,1,0
1461,0,1,1,1,1,1,1,1,0
1462,0,1,1,1,1,1,1,1,0
1463,0,1,1,1,1,1,1,1,0
1464,0,1,1,1,1,1,1,1,1
1465,0,1,1,1,1,1,1,1,1
1466,0,1,1,1,1,1,1,1,1
1467,0,1,1,1,1,1,1,1,1
1468,0,1,1,1,1,1,1,1,0
1469,0,1,1,1,1,1,1,1,0
1470,0,1,1,1,1,1,1,1,0
1471,0,1,1,1,1,1,1,1,0
1472,0,1,0,1,1,1,1,1,1
1473,0,1,0,1,1,1,1,1,1
1474,0,1,0,1,1,1,1,1,1
1475,0,1,0,1,1,1,1,1,1
1476,0,1,1,1,1,1,1,1,1
1477,0,1,1,1,1,1,1,1,1
1478,0,1,1,1,1,1,1,1,1
1479,0,1,1,1,1,1,1,1,1
1480,0,1,1,1,1,1,1,1,1
1481,0,1,1,1,1,1,1,1,1
1482,0,1,1,1,1,1,1,1,1
1483,0,1,1,1,1,1,1,1,1
1484,0,1,1,1,1,1,1,1,1
1485,0,1,1,1,1,1,1,1,1
1486,0,1,1,1,1,1,1,1,1
1487,0,1,1,1,1,1,1,1,1
1488,0,1,1,1,1,1,1,1,1
1489,0,1,1,1,1,1,1,1,1
1490,0,1,1,1,1,1,1,1,1
1491,0,1,1,1,1,1,1,1,1
1492,0,1,1,1,1,1,1,1,1
1493,0,1,1,1,1,1,1,1,1
1494,0,1,1,1,1,1,1,1,1
1495,0,1,1,1,1,1,1,1,1
1496,0,1,1,1,1,1,1,1,0
1497,0,1,1,1,1,1,1,1,0
1498,0,1,1,1,1,1,1,1,0
1499,0,1,1,1,1,1,1,1,0
1500,0,1,1,1,1,1,1,1,0
1501,0,1,1,1,1,1,1,1,0
1502,0,1,1,1,1,1,1,1,0
1503,0,1,1,1,1,1,1,1,0
1504,1,1,1,1,1,1,1,1,0
1505,1,1,1,1,1,1,1,1,0
1506,1,1,1,1,1,1,1,1,0
1507,1,1,1,1,1,1,1,1,0
1508,0,1,1,1,1,1,1,1,1
1509,0,1,1,1,1,1,1,1,1
1510,0,1,1,1,1,1,1,1,1
1511,0,1,1,1,1,1,1,1,1
1512,0,1,1,1,1,1,1,1,1
1513,0,1,1,1,1,1,1,1,1
1514,0,1,1,1,1,1,1,1,1
1515,0,1,1,1,1,1,1,1,1
1516,0,1,1,1,1,1,1,1,1
1517,0,1,1,1,1,1,1,1,1
1518,0,1,1,1,1,1,1,1,1
1519,0,1,1,1,1,1,1,1,1
1520,0,1,1,1,1,1,0,1,1
1521,0,1,1,1,1,1,0,1,1
1522,0,1,1,1,1,1,0,1,1
1523,0,1,1,1,1,1,0,1,1
1524,1,1,1,1,1,1,1,1,1
1525,1,1,1,1,1,1,1,1,1
1526,1,1,1,1,1,1,1,1,1
1527,1,1,1,1,1,1,1,1,1
1528,1,1,1,1,1,1,1,1,1
1529,1,1,1,1,1,1,1,1,1
1530,1,1,1,1,1,1,1,1,1
1531,1,1,1,1,1,1,1,1,1
1532,1,1,1,1,1,1,1,1,1
1533,1,1,1,1,1,1,1,1,1
1534,1,1,1,1,1,1,1,1,1
1535,1,1,1,1,1,1,1,1,1
1536,1,1,1,1,1,1,1,1,0
1537,1,1,1,1,1,1,1,1,0
1538,1,1,1,1,1,1,1,1,0
1539,1,1,1,1,1,1,1,1,0
1540,0,1,1,1,1,1,1,1,1
1541,0,1,1,1,1,1,1,1,1
1542,0,1,1,1,1,1,1,1,1
1543,0,1,1,1,1,1,1,1,1
1544,0,1,1,0,1,1,1,1,0
1545,0,1,1,0,1,1,1,1,0
1546,0,1,1,0,1,1,1,1,0
1547,0,1,1,0,1,1,1,1,0
1548,0,1,1,1,1,1,1,1,0
1549,0,1,1,1,1,1,1,1,0
1550,0,1,1,1,1,1,1,1,0
1551,0,1,1,1,1,1,1,1,0
1552,0,1,1,0,1,1,1,1,1
1553,0,1,1,0,1,1,1,1,1
1554,0,1,1,0,1,1,1,1,1
1555,0,1,1,0,1,1,1,1,1
1556,0,1,1,1,1,1,1,1,0
1557,0,1,1,1,1,1,1,1,0
1558,0,1,1,1,1,1,1,1,0
1559,0,1,1,1,1,1,1,1,0
1560,0,1,1,1,1,1,1,1,0
1561,0,1,1,1,1,1,1,1,0
1562,0,1,1,1,1,1,1,1,0
1563,0,1,1,1,1,1,1,1,0
1564,0,1,1,1,1,1,1,1,1
1565,0,1,1,1,1,1,1,1,1
1566,0,1,1,1,1,1,1,1,1
1567,0,1,1,1,1,1,1,1,1
1568,0,1,1,1,1,1,1,1,1
1569,0,1,1,1,1,1,1,1,1
1570,0,1,1,1,1,1,1,1,1
1571,0,1,1,1,1,1,1,1,1
1572,0,1,1,0,1,1,1,1,1
1573,0,1,1,0,1,1,1,1,1
1574,0,1,1,0,1,1,1,1,1
1575,0,1,1,0,1,1,1,1,1
1576,0,1,1,1,1,1,1,1,1
1577,0,1,1,1,1,1,1,1,1
1578,0,1,1,1,1,1,1,1,1
1579,0,1,1,1,1,1,1,1,1
1580,1,1,1,1,1,1,1,1,0
1581,1,1,1,1,1,1,1,1,0
1582,1,1,1,1,1,1,1,1,0
1583,1,1,1,1,1,1,1,1,0
1584,1,1,1,1,1,1,1,1,1
1585,1,1,1,1,1,1,1,1,1
1586,1,1,1,1,1,1,1,1,1
1587,1,1,1,1,1,1,1,1,1
1588,0,1,1,1,1,1,1,1,1
1589,0,1,1,1,1,1,1,1,1
1590,0,1,1,1,1,1,1,1,1
1591,0,1,1,1,1,1,1,1,1
1592,1,1,1,1,1,1,1,1,1
1593,1,1,1,1,1,1,1,1,1
1594,1,1,1,1,1,1,1,1,1
1595,1,1,1,1,1,1,1,1,1
1596,0,1,1,1,1,1,1,1,0
1597,0,1,1,1,1,1,1,1,0
1598,0,1,1,1,1,1,1,1,0
1599,0,1,1,1,1,1,1,1,0
1600,0,1,1,1,1,1,1,1,1
1601,0,1,1,1,1,1,1,1,1
1602,0,1,1,1,1,1,1,1,1
1603,0,1,1,1,1,1,1,1,1
1604,0,1,1,1,1,1,1,1,1
1605,0,1,1,1,1,1,1,1,1
1606,0,1,1,1,1,1,1,1,1
1607,0,1,1,1,1,1,1,1,1
1608,0,1,1,1,1,1,1,1,0
1609,0,1,1,1,1,1,1,1,0
1610,0,1,1,1,1,1,1,1,0
1611,0,1,1,1,1,1,1,1,0
1612,0,1,1,1,1,1,1,1,0
1613,0,1,1,1,1,1,1,1,0
1614,0,1,1,1,1,1,1,1,0
1615,0,1,1,1,1,1,1,1,0
1616,0,1,1,0,1,1,1,1,1
1617,0,1,1,0,1,1,1,1,1
1618,0,1,1,0,1,1,1,1,1
1619,0,1,1,0,1,1,1,1,1
1620,0,1,1,1,1,1,1,1,0
1621,0,1,1,1,1,1,1,1,0
1622,0,1,1,1,1,1,1,1,0
1623,0,1,1,1,1,1,1,1,0
1624,0,1,1,1,1,1,1,1,1
1625,0,1,1,1,1,1,1,1,1
1626,0,1,1,1,1,1,1,1,1
1627,0,1,1,1,1,1,1,1,1
1628,1,1,1,1,1,1,1,1,1
1629,1,1,1,1,1,1,1,1,1
1630,1,1,1,1,1,1,1,1,1
1631,1,1,1,1,1,1,1,1,1
1632,0,1,1,1,1,1,1,1,1
1633,0,1,1,1,1,1,1,1,1
1634,0,1,1,1,1,1,1,1,1
1635,0,1,1,1,1,1,1,1,1
1636,0,1,1,1,1,1,1,1,1
1637,0,1,1,1,1,1,1,1,1
1638,0,1,1,1,1,1,1,1,1
1639,0,1,1,1,1,1,1,1,1
1640,0,1,1,1,1,1,1,1,1
1641,0,1,1,1,1,1,1,1,1
1642,0,1,1,1,1,1,1,1,1
1643,0,1,1,1,1,1,1,1,1
1644,0,1,1,1,1,1,0,1,0
1645,0,1,1,1,1,1,0,1,0
1646,0,1,1,1,1,1,0,1,0
1647,0,1,1,1,1,1,0,1,0
1648,1,1,1,1,1,1,1,1,1
1649,1,1,1,1,1,1,1,1,1
1650,1,1,1,1,1,1,1,1,1
1651,1,1,1,1,1,1,1,1,1
1652,0,1,1,1,1,1,1,1,0
1653,0,1,1,1,1,1,1,1,0
1654,0,1,1,1,1,1,1,1,0
1655,0,1,1,1,1,1,1,1,0
1656,0,1,1,1,1,1,1,1,1
1657,0,1,1,1,1,1,1,1,1
1658,0,1,1,1,1,1,1,1,1
1659,0,1,1,1,1,1,1,1,1
1660,0,1,1,1,1,1,1,1,1
1661,0,1,1,1,1,1,1,1,1
1662,0,1,1,1,1,1,1,1,1
1663,0,1,1,1,1,1,1,1,1
1664,1,1,1,1,1,1,1,1,1
1665,1,1,1,1,1,1,1,1,1
1666,1,1,1,1,1,1,1,1,1
1667,1,1,1,1,1,1,1,1,1
1668,0,1,1,1,1,1,1,1,1
1669,0,1,1,1,1,1,1,1,1
1670,0,1,1,1,1,1,1,1,1
1671,0,1,1,1,1,1,1,1,1
1672,0,0,1,1,1,1,1,1,1
1673,0,0,1,1,1,1,1,1,1
1674,0,0,1,1,1,1,1,1,1
1675,0,0,1,1,1,1,1,1,1
1676,0,1,1,1,1,1,1,1,1
1677,0,1,1,1,1,1,1,1,1
1678,0,1,1,1,1,1,1,1,1
1679,0,1,1,1,1,1,1,1,1
1680,0,1,1,1,1,1,1,1,1
1681,0,1,1,1,1,1,1,1,1
1682,0,1,1,1,1,1,1,1,1
1683,0,1,1,1,1,1,1,1,1
1684,1,1,1,1,1,1,1,1,0
1685,1,1,1,1,1,1,1,1,0
1686,1,1,1,1,1,1,1,1,0
1687,1,1,1,1,1,1,1,1,0
1688,0,1,1,1,1,1,1,1,1
1689,0,1,1,1,1,1,1,1,1
1690,0,1,1,1,1,1,1,1,1
1691,0,1,1,1,1,1,1,1,1
1692,0,1,1,1,1,1,1,1,1
1693,0,1,1,1,1,1,1,1,1
1694,0,1,1,1,1,1,1,1,1
1695,0,1,1,1,1,1,1,1,1
1696,0,1,1,0,1,1,1,1,1
1697,0,1,1,0,1,1,1,1,1
1698,0,1,1,0,1,1,1,1,1
1699,0,1,1,0,1,1,1,1,1
1700,0,1,1,1,1,1,1,1,0
1701,0,1,1,1,1,1,1,1,0
1702,0,1,1,1,1,1,1,1,0
1703,0,1,1,1,1,1,1,1,0
1704,0,1,1,1,1,1,1,1,1
1705,0,1,1,1,1,1,1,1,1
1706,0,1,1,1,1,1,1,1,1
1707,0,1,1,1,1,1,1,1,1
1708,0,1,1,1,1,1,1,1,0
1709,0,1,1,1,1,1,1,1,0
1710,0,1,1,1,1,1,1,1,0
1711,0,1,1,1,1,1,1,1,0
1712,1,1,1,1,1,1,1,1,0
1713,1,1,1,1,1,1,1,1,0
1714,1,1,1,1,1,1,1,1,0
1715,1,1,1,1,1,1,1,1,0
1716,0,1,1,1,1,1,1,1,1
1717,0,1,1,1,1,1,1,1,1
1718,0,1,1,1,1,1,1,1,1
1719,0,1,1,1,1,1,1,1,1
1720,0,0,1,1,1,1,1,1,0
1721,0,0,1,1,1,1,1,1,0
1722,0,0,1,1,1,1,1,1,0
1723,0,0,1,1,1,1,1,1,0
1724,0,1,1,1,1,1,1,1,1
1725,0,1,1,1,1,1,1,1,1
1726,0,1,1,1,1,1,1,1,1
1727,0,1,1,1,1,1,1,1,1
1728,0,1,1,1,1,1,1,1,1
1729,0,1,1,1,1,1,1,1,1
1730,0,1,1,1,1,1,1,1,1
1731,0,1,1,1,1,1,1,1,1
1732,0,1,1,0,1,0,1,1,1
1733,0,1,1,0,1,0,1,1,1
1734,0,1,1,0,1,0,1,1,1
1735,0,1,1,0,1,0,1,1,1
1736,0,1,1,1,1,1,1,1,0
1737,0,1,1,1,1,1,1,1,0
1738,0,1,1,1,1,1,1,1,0
1739,0,1,1,1,1,1,1,1,0
1740,1,1,1,1,1,1,1,1,0
1741,1,1,1,1,1,1,1,1,0
1742,1,1,1,1,1,1,1,1,0
1743,1,1,1,1,1,1,1,1,0
1744,0,1,1,1,1,1,1,1,0
1745,0,1,1,1,1,1,1,1,0
1746,0,1,1,1,1,1,1,1,0
1747,0,1,1,1,1,1,1,1,0
1748,0,0,1,1,1,1,1,1,1
1749,0,0,1,1,1,1,1,1,1
1750,0,0,1,1,1,1,1,1,1
1751,0,0,1,1,1,1,1,1,1
1752,1,1,1,1,1,1,1,1,1
1753,1,1,1,1,1,1,1,1,1
1754,1,1,1,1,1,1,1,1,1
1755,1,1,1,1,1,1,1,1,1
1756,0,1,1,1,1,1,1,1,1
1757,0,1,1,1,1,1,1,1,1
1758,0,1,1,1,1,1,1,1,1
1759,0,1,1,1,1,1,1,1,1
1760,0,1,1,1,1,1,1,1,0
1761,0,1,1,1,1,1,1,1,0
1762,0,1,1,1,1,1,1,1,0
1763,0,1,1,1,1,1,1,1,0
1764,0,1,1,1,1,1,1,1,0
1765,0,1,1,1,1,1,1,1,0
1766,0,1,1,1,1,1,1,1,0
1767,0,1,1,1,1,1,1,1,0
1768,1,1,1,1,1,1,1,1,1
1769,1,1,1,1,1,1,1,1,1
1770,1,1,1,1,1,1,1,1,1
1771,1,1,1,1,1,1,1,1,1
1772,0,1,1,1,1,1,1,1,0
1773,0,1,1,1,1,1,1,1,0
1774,0,1,1,1,1,1,1,1,0
1775,0,1,1,1,1,1,1,1,0
1776,0,1,1,1,1,1,1,1,0
1777,0,1,1,1,1,1,1,1,0
1778,0,1,1,1,1,1,1,1,0
1779,0,1,1,1,1,1,1,1,0
1780,0,1,1,1,1,1,1,1,0
1781,0,1,1,1,1,1,1,1,0
1782,0,1,1,1,1,1,1,1,0
1783,0,1,1,1,1,1,1,1,0
1784,0,1,1,1,1,1,1,1,1
1785,0,1,1,1,1,1,1,1,1
1786,0,1,1,1,1,1,1,1,1
1787,0,1,1,1,1,1,1,1,1
1788,1,1,1,0,1,1,1,1,1
1789,1,1,1,0,1,1,1,1,1
1790,1,1,1,0,1,1,1,1,1
1791,1,1,1,0,1,1,1,1,1
1792,1,1,1,1,1,1,1,1,1
1793,1,1,1,1,1,1,1,1,1
1794,1,1,1,1,1,1,1,1,1
1795,1,1,1,1,1,1,1,1,1
1796,0,1,1,1,1,1,1,1,0
1797,0,1,1,1,1,1,1,1,0
1798,0,1,1,1,1,1,1,1,0
1799,0,1,1,1,1,1,1,1,0
1800,0,1,1,1,1,1,1,1,0
1801,0,1,1,1,1,1,1,1,0
1802,0,1,1,1,1,1,1,1,0
1803,0,1,1,1,1,1,1,1,0
1804,0,1,1,1,1,1,1,1,0
1805,0,1,1,1,1,1,1,1,0
1806,0,1,1,1,1,1,1,1,0
1807,0,1,1,1,1,1,1,1,0
1808,1,1,1,1,1,1,1,1,0
1809,1,1,1,1,1,1,1,1,0
1810,1,1,1,1,1,1,1,1,0
1811,1,1,1,1,1,1,1,1,0
1812,0,1,1,1,1,1,1,1,1
1813,0,1,1,1,1,1,1,1,1
1814,0,1,1,1,1,1,1,1,1
1815,0,1,1,1,1,1,1,1,1
1816,0,1,1,1,1,1,1,1,1
1817,0,1,1,1,1,1,1,1,1
1818,0,1,1,1,1,1,1,1,1
1819,0,1,1,1,1,1,1,1,1
1820,0,1,1,1,1,1,1,1,0
1821,0,1,1,1,1,1,1,1,0
1822,0,1,1,1,1,1,1,1,0
1823,0,1,1,1,1,1,1,1,0
1824,0,1,1,1,1,1,1,1,0
1825,0,1,1,1,1,1,1,1,0
1826,0,1,1,1,1,1,1,1,0
1827,0,1,1,1,1,1,1,1,0
1828,0,1,1,1,1,1,1,1,1
1829,0,1,1,1,1,1,1,1,1
1830,0,1,1,1,1,1,1,1,1
1831,0,1,1,1,1,1,1,1,1
1832,0,1,1,1,1,1,1,1,1
1833,0,1,1,1,1,1,1,1,1
1834,0,1,1,1,1,1,1,1,1
1835,0,1,1,1,1,1,1,1,1
1836,1,1,1,1,1,1,1,1,1
1837,1,1,1,1,1,1,1,1,1
1838,1,1,1,1,1,1,1,1,1
1839,1,1,1,1,1,1,1,1,1
1840,0,1,1,1,1,1,1,1,1
1841,0,1,1,1,1,1,1,1,1
1842,0,1,1,1,1,1,1,1,1
1843,0,1,1,1,1,1,1,1,1
1844,0,1,1,1,1,1,1,1,0
1845,0,1,1,1,1,1,1,1,0
1846,0,1,1,1,1,1,1,1,0
1847,0,1,1,1,1,1,1,1,0
1848,0,1,1,1,1,1,1,1,0
1849,0,1,1,1,1,1,1,1,0
1850,0,1,1,1,1,1,1,1,0
1851,0,1,1,1,1,1,1,1,0
1852,0,1,1,1,1,1,1,1,1
1853,0,1,1,1,1,1,1,1,1
1854,0,1,1,1,1,1,1,1,1
1855,0,1,1,1,1,1,1,1,1
1856,0,1,1,1,1,1,1,1,1
1857,0,1,1,1,1,1,1,1,1
1858,0,1,1,1,1,1,1,1,1
1859,0,1,1,1,1,1,1,1,1
1860,0,1,1,1,1,1,1,1,1
1861,0,1,1,1,1,1,1,1,1
1862,0,1,1,1,1,1,1,1,1
1863,0,1,1,1,1,1,1,1,1
1864,0,1,1,1,1,0,1,1,1
1865,0,1,1,1,1,0,1,1,1
1866,0,1,1,1,1,0,1,1,1
1867,0,1,1,1,1,0,1,1,1
1868,0,1,1,1,1,1,1,1,1
1869,0,1,1,1,1,1,1,1,1
1870,0,1,1,1,1,1,1,1,1
1871,0,1,1,1,1,1,1,1,1
1872,0,1,1,1,1,1,1,1,1
1873,0,1,1,1,1,1,1,1,1
1874,0,1,1,1,1,1,1,1,1
1875,0,1,1,1,1,1,1,1,1
1876,0,1,1,1,1,1,1,1,1
1877,0,1,1,1,1,1,1,1,1
1878,0,1,1,1,1,1,1,1,1
1879,0,1,1,1,1,1,1,1,1
1880,0,1,1,1,1,1,1,1,1
1881,0,1,1,1,1,1,1,1,1
1882,0,1,1,1,1,1,1,1,1
1883,0,1,1,1,1,1,1,1,1
1884,1,1,1,1,1,1,1,1,0
1885,1,1,1,1,1,1,1,1,0
1886,1,1,1,1,1,1,1,1,0
1887,1,1,1,1,1,1,1,1,0
1888,0,1,1,1,1,1,1,1,1
1889,0,1,1,1,1,1,1,1,1
1890,0,1,1,1,1,1,1,1,1
1891,0,1,1,1,1,1,1,1,1
1892,0,1,1,1,1,1,1,1,1
1893,0,1,1,1,1,1,1,1,1
1894,0,1,1,1,1,1,1,1,1
1895,0,1,1,1,1,1,1,1,1
1896,0,1,1,1,1,1,1,1,1
1897,0,1,1,1,1,1,1,1,1
1898,0,1,1,1,1,1,1,1,1
1899,0,1,1,1,1,1,1,1,1
1900,0,1,1,1,1,1,1,1,1
1901,0,1,1,1,1,1,1,1,1
1902,0,1,1,1,1,1,1,1,1
1903,0,1,1,1,1,1,1,1,1
1904,0,1,1,1,1,1,1,1,1
1905,0,1,1,1,1,1,1,1,1
1906,0,1,1,1,1,1,1,1,1
1907,0,1,1,1,1,1,1,1,1
1908,1,1,1,1,1,1,1,1,1
1909,1,1,1,1,1,1,1,1,1
1910,1,1,1,1,1,1,1,1,1
1911,1,1,1,1,1,1,1,1,1
1912,0,1,1,1,1,1,1,1,1
1913,0,1,1,1,1,1,1,1,1
1914,0,1,1,1,1,1,1,1,1
1915,0,1,1,1,1,1,1,1,1
1916,0,1,1,1,1,1,1,1,1
1917,0,1,1,1,1,1,1,1,1
1918,0,1,1,1,1,1,1,1,1
1919,0,1,1,1,1,1,1,1,1
1920,0,1,1,1,1,1,1,1,1
1921,0,1,1,1,1,1,1,1,1
1922,0,1,1,1,1,1,1,1,1
1923,0,1,1,1,1,1,1,1,1
1924,0,1,1,1,1,1,1,1,1
1925,0,1,1,1,1,1,1,1,1
1926,0,1,1,1,1,1,1,1,1
1927,0,1,1,1,1,1,1,1,1
1928,0,1,1,1,1,1,1,1,1
1929,0,1,1,1,1,1,1,1,1
1930,0,1,1,1,1,1,1,1,1
1931,0,1,1,1,1,1,1,1,1
1932,1,1,1,1,1,1,1,1,1
1933,1,1,1,1,1,1,1,1,1
1934,1,1,1,1,1,1,1,1,1
1935,1,1,1,1,1,1,1,1,1
1936,1,1,1,1,1,1,1,1,1
1937,1,1,1,1,1,1,1,1,1
1938,1,1,1,1,1,1,1,1,1
1939,1,1,1,1,1,1,1,1,1
1940,0,1,1,1,1,1,1,1,1
1941,0,1,1,1,1,1,1,1,1
1942,0,1,1,1,1,1,1,1,1
1943,0,1,1,1,1,1,1,1,1
1944,0,1,1,1,1,1,1,1,0
1945,0,1,1,1,1,1,1,1,0
1946,0,1,1,1,1,1,1,1,0
1947,0,1,1,1,1,1,1,1,0
1948,0,1,1,1,1,1,1,1,1
1949,0,1,1,1,1,1,1,1,1
1950,0,1,1,1,1,1,1,1,1
1951,0,1,1,1,1,1,1,1,1
1952,1,1,1,1,1,1,1,1,1
1953,1,1,1,1,1,1,1,1,1
1954,1,1,1,1,1,1,1,1,1
1955,1,1,1,1,1,1,1,1,1
1956,0,1,1,0,1,1,1,1,1
1957,0,1,1,0,1,1,1,1,1
1958,0,1,1,0,1,1,1,1,1
1959,0,1,1,0,1,1,1,1,1
1960,0,1,1,1,1,1,1,1,1
1961,0,1,1,1,1,1,1,1,1
1962,0,1,1,1,1,1,1,1,1
1963,0,1,1,1,1,1,1,1,1
1964,0,1,1,1,1,1,1,1,1
1965,0,1,1,1,1,1,1,1,1
1966,0,1,1,1,1,1,1,1,1
1967,0,1,1,1,1,1,1,1,1
1968,0,1,1,1,1,1,1,1,0
1969,0,1,1,1,1,1,1,1,0
1970,0,1,1,1,1,1,1,1,0
1971,0,1,1,1,1,1,1,1,0
1972,1,1,1,1,1,1,1,1,0
1973,1,1,1,1,1,1,1,1,0
1974,1,1,1,1,1,1,1,1,0
1975,1,1,1,1,1,1,1,1,0
1976,0,1,1,1,1,1,1,1,1
1977,0,1,1,1,1,1,1,1,1
1978,0,1,1,1,1,1,1,1,1
1979,0,1,1,1,1,1,1,1,1
1980,0,1,1,1,1,1,1,1,1
1981,0,1,1,1,1,1,1,1,1
1982,0,1,1,1,1,1,1,1,1
1983,0,1,1,1,1,1,1,1,1
1984,0,1,1,1,1,1,1,1,0
1985,0,1,1,1,1,1,1,1,0
1986,0,1,1,1,1,1,1,1,0
1987,0,1,1,1,1,1,1,1,0
1988,0,1,1,1,1,1,1,1,1
1989,0,1,1,1,1,1,1,1,1
1990,0,1,1,1,1,1,1,1,1
1991,0,1,1,1,1,1,1,1,1
1992,0,1,1,0,1,1,1,1,1
1993,0,1,1,0,1,1,1,1,1
1994,0,1,1,0,1,1,1,1,1
1995,0,1,1,0,1,1,1,1,1
1996,0,1,1,1,1,1,1,1,0
1997,0,1,1,1,1,1,1,1,0
1998,0,1,1,1,1,1,1,1,0
1999,0,1,1,1,1,1,1,1,0
2000,1,1,1,1,1,1,1,1,1
2001,1,1,1,1,1,1,1,1,1
2002,1,1,1,1,1,1,1,1,1
2003,1,1,1,1,1,1,1,1,1
2004,0,1,1,1,1,1,1,1,1
2005,0,1,1,1,1,1,1,1,1
2006,0,1,1,1,1,1,1,1,1
2007,0,1,1,1,1,1,1,1,1
2008,1,1,1,1,1,1,1,1,1
2009,1,1,1,1,1,1,1,1,1
2010,1,1,1,1,1,1,1,1,1
2011,1,1,1,1,1,1,1,1,1
2012,0,1,1,1,1,1,1,1,1
2013,0,1,1,1,1,1,1,1,1
2014,0,1,1,1,1,1,1,1,1
2015,0,1,1,1,1,1,1,1,1
2016,0,1,1,1,1,0,1,1,1
2017,0,1,1,1,1,0,1,1,1
2018,0,1,1,1,1,0,1,1,1
2019,0,1,1,1,1,0,1,1,1
2020,0,1,1,1,1,1,1,1,0
2021,0,1,1,1,1,1,1,1,0
2022,0,1,1,1,1,1,1,1,0
2023,0,1,1,1,1,1,1,1,0
2024,0,1,1,1,1,1,1,1,0
2025,0,1,1,1,1,1,1,1,0
2026,0,1,1,1,1,1,1,1,0
2027,0,1,1,1,1,1,1,1,0
2028,0,1,1,1,1,1,1,1,0
2029,0,1,1,1,1,1,1,1,0
2030,0,1,1,1,1,1,1,1,0
2031,0,1,1,1,1,1,1,1,0
2032,0,1,1,1,1,1,1,1,1
2033,0,1,1,1,1,1,1,1,1
2034,0,1,1,1,1,1,1,1,1
2035,0,1,1,1,1,1,1,1,1
2036,0,1,1,0,1,1,1,1,0
2037,0,1,1,0,1,1,1,1,0
2038,0,1,1,0,1,1,1,1,0
2039,0,1,1,0,1,1,1,1,0
2040,0,1,1,1,1,1,1,1,1
2041,0,1,1,1,1,1,1,1,1
2042,0,1,1,1,1,1,1,1,1
2043,0,1,1,1,1,1,1,1,1
2044,0,1,1,1,1,1,1,1,0
2045,0,1,1,1,1,1,1,1,0
2046,0,1,1,1,1,1,1,1,0
2047,0,1,1,1,1,1,1,1,0
2048,0,1,1,1,1,1,1,1,0
2049,0,1,1,1,1,1,1,1,0
2050,0,1,1,1,1,1,1,1,0
2051,0,1,1,1,1,1,1,1,0
2052,0,1,1,1,1,1,1,1,0
2053,0,1,1,1,1,1,1,1,0
2054,0,1,1,1,1,1,1,1,0
2055,0,1,1,1,1,1,1,1,0
2056,0,1,1,1,1,1,1,1,0
2057,0,1,1,1,1,1,1,1,0
2058,0,1,1,1,1,1,1,1,0
2059,0,1,1,1,1,1,1,1,0
2060,0,1,1,1,1,1,1,1,0
2061,0,1,1,1,1,1,1,1,0
2062,0,1,1,1,1,1,1,1,0
2063,0,1,1,1,1,1,1,1,0
2064,1,1,1,1,1,1,1,1,1
2065,1,1,1,1,1,1,1,1,1
2066,1,1,1,1,1,1,1,1,1
2067,1,1,1,1,1,1,1,1,1
2068,0,1,1,1,1,1,1,1,1
2069,0,1,1,1,1,1,1,1,1
2070,0,1,1,1,1,1,1,1,1
2071,0,1,1,1,1,1,1,1,1
2072,0,1,1,1,1,1,1,1,1
2073,0,1,1,1,1,1,1,1,1
2074,0,1,1,1,1,1,1,1,1
2075,0,1,1,1,1,1,1,1,1
2076,0,1,1,1,1,1,1,1,1
2077,0,1,1,1,1,1,1,1,1
2078,0,1,1,1,1,1,1,1,1
2079,0,1,1,1,1,1,1,1,1
2080,0,1,1,1,1,1,1,1,0
2081,0,1,1,1,1,1,1,1,0
2082,0,1,1,1,1,1,1,1,0
2083,0,1,1,1,1,1,1,1,0
2084,0,1,1,1,1,1,1,1,1
2085,0,1,1,1,1,1,1,1,1
2086,0,1,1,1,1,1,1,1,1
2087,0,1,1,1,1,1,1,1,1
2088,0,1,1,1,1,1,1,1,1
2089,0,1,1,1,1,1,1,1,1
2090,0,1,1,1,1,1,1,1,1
2091,0,1,1,1,1,1,1,1,1
2092,0,1,1,1,1,1,1,1,1
2093,0,1,1,1,1,1,1,1,1
2094,0,1,1,1,1,1,1,1,1
2095,0,1,1,1,1,1,1,1,1
2096,0,1,1,1,1,1,1,1,0
2097,0,1,1,1,1,1,1,1,0
2098,0,1,1,1,1,1,1,1,0
2099,0,1,1,1,1,1,1,1,0
2100,0,1,1,0,1,1,1,1,1
2101,0,1,1,0,1,1,1,1,1
2102,0,1,1,0,1,1,1,1,1
2103,0,1,1,0,1,1,1,1,1
2104,0,1,1,0,1,1,1,1,0
2105,0,1,1,0,1,1,1,1,0
2106,0,1,1,0,1,1,1,1,0
2107,0,1,1,0,1,1,1,1,0
2108,0,1,1,1,1,1,1,1,1
2109,0,1,1,1,1,1,1,1,1
2110,0,1,1,1,1,1,1,1,1
2111,0,1,1,1,1,1,1,1,1
2112,0,1,1,1,1,1,1,1,1
2113,0,1,1,1,1,1,1,1,1
2114,0,1,1,1,1,1,1,1,1
2115,0,1,1,1,1,1,1,1,1
2116,0,1,1,1,1,1,1,1,0
2117,0,1,1,1,1,1,1,1,0
2118,0,1,1,1,1,1,1,1,0
2119,0,1,1,1,1,1,1,1,0
2120,0,1,1,1,1,1,1,1,1
2121,0,1,1,1,1,1,1,1,1
2122,0,1,1,1,1,1,1,1,1
2123,0,1,1,1,1,1,1,1,1
2124,0,1,1,1,1,1,1,1,1
2125,0,1,1,1,1,1,1,1,1
2126,0,1,1,1,1,1,1,1,1
2127,0,1,1,1,1,1,1,1,1
2128,0,1,1,1,1,1,1,1,0
2129,0,1,1,1,1,1,1,1,0
2130,0,1,1,1,1,1,1,1,0
2131,0,1,1,1,1,1,1,1,0
2132,0,1,1,1,1,1,1,1,0
2133,0,1,1,1,1,1,1,1,0
2134,0,1,1,1,1,1,1,1,0
2135,0,1,1,1,1,1,1,1,0
2136,0,1,1,1,1,1,1,1,1
2137,0,1,1,1,1,1,1,1,1
2138,0,1,1,1,1,1,1,1,1
2139,0,1,1,1,1,1,1,1,1
2140,0,1,1,1,1,1,1,1,0
2141,0,1,1,1,1,1,1,1,0
2142,0,1,1,1,1,1,1,1,0
2143,0,1,1,1,1,1,1,1,0
2144,0,1,1,1,1,1,1,1,1
2145,0,1,1,1,1,1,1,1,1
2146,0,1,1,1,1,1,1,1,1
2147,0,1,1,1,1,1,1,1,1
2148,0,1,1,1,1,1,1,1,0
2149,0,1,1,1,1,1,1,1,0
2150,0,1,1,1,1,1,1,1,0
2151,0,1,1,1,1,1,1,1,0
2152,0,1,1,1,1,1,1,1,1
2153,0,1,1,1,1,1,1,1,1
2154,0,1,1,1,1,1,1,1,1
2155,0,1,1,1,1,1,1,1,1
2156,0,1,1,1,1,1,1,1,0
2157,0,1,1,1,1,1,1,1,0
2158,0,1,1,1,1,1,1,1,0
2159,0,1,1,1,1,1,1,1,0
2160,0,1,1,1,1,1,1,1,1
2161,0,1,1,1,1,1,1,1,1
2162,0,1,1,1,1,1,1,1,1
2163,0,1,1,1,1,1,1,1,1
2164,1,1,1,1,1,1,1,1,1
2165,1,1,1,1,1,1,1,1,1
2166,1,1,1,1,1,1,1,1,1
2167,1,1,1,1,1,1,1,1,1
2168,0,1,1,1,1,1,1,1,0
2169,0,1,1,1,1,1,1,1,0
2170,0,1,1,1,1,1,1,1,0
2171,0,1,1,1,1,1,1,1,0
2172,0,1,1,1,1,1,1,1,0
2173,0,1,1,1,1,1,1,1,0
2174,0,1,1,1,1,1,1,1,0
2175,0,1,1,1,1,1,1,1,0
2176,0,1,1,0,1,1,1,1,1
2177,0,1,1,0,1,1,1,1,1
2178,0,1,1,0,1,1,1,1,1
2179,0,1,1,0,1,1,1,1,1
2180,0,1,1,1,1,0,1,1,1
2181,0,1,1,1,1,0,1,1,1
2182,0,1,1,1,1,0,1,1,1
2183,0,1,1,1,1,0,1,1,1
2184,0,1,1,1,1,1,1,1,1
2185,0,1,1,1,1,1,1,1,1
2186,0,1,1,1,1,1,1,1,1
2187,0,1,1,1,1,1,1,1,1
2188,0,1,1,1,1,1,1,1,0
2189,0,1,1,1,1,1,1,1,0
2190,0,1,1,1,1,1,1,1,0
2191,0,1,1,1,1,1,1,1,0
2192,1,1,1,1,1,1,1,1,0
2193,1,1,1,1,1,1,1,1,0
2194,1,1,1,1,1,1,1,1,0
2195,1,1,1,1,1,1,1,1,0
2196,1,1,1,1,1,1,1,1,0
2197,1,1,1,1,1,1,1,1,0
2198,1,1,1,1,1,1,1,1,0
2199,1,1,1,1,1,1,1,1,0
2200,0,1,1,1,1,1,1,1,0
2201,0,1,1,1,1,1,1,1,0
2202,0,1,1,1,1,1,1,1,0
2203,0,1,1,1,1,1,1,1,0
2204,0,1,1,1,1,1,1,1,1
2205,0,1,1,1,1,1,1,1,1
2206,0,1,1,1,1,1,1,1,1
2207,0,1,1,1,1,1,1,1,1
2208,1,1,1,1,1,1,1,1,1
2209,1,1,1,1,1,1,1,1,1
2210,1,1,1,1,1,1,1,1,1
2211,1,1,1,1,1,1,1,1,1
2212,0,0,1,1,1,1,1,1,0
2213,0,0,1,1,1,1,1,1,0
2214,0,0,1,1,1,1,1,1,0
2215,0,0,1,1,1,1,1,1,0
2216,0,1,1,1,1,1,1,1,0
2217,0,1,1,1,1,1,1,1,0
2218,0,1,1,1,1,1,1,1,0
2219,0,1,1,1,1,1,1,1,0
2220,1,1,1,1,1,1,1,1,1
2221,1,1,1,1,1,1,1,1,1
2222,1,1,1,1,1,1,1,1,1
2223,1,1,1,1,1,1,1,1,1
2224,0,1,1,1,1,1,1,1,1
2225,0,1,1,1,1,1,1,1,1
2226,0,1,1,1,1,1,1,1,1
2227,0,1,1,1,1,1,1,1,1
2228,0,1,1,1,1,1,1,1,1
2229,0,1,1,1,1,1,1,1,1
2230,0,1,1,1,1,1,1,1,1
2231,0,1,1,1,1,1,1,1,1
2232,0,1,1,1,1,1,1,1,0
2233,0,1,1,1,1,1,1,1,0
2234,0,1,1,1,1,1,1,1,0
2235,0,1,1,1,1,1,1,1,0
2236,1,1,1,1,1,1,1,1,1
2237,1,1,1,1,1,1,1,1,1
2238,1,1,1,1,1,1,1,1,1
2239,1,1,1,1,1,1,1,1,1
2240,0,1,1,1,1,1,1,1,0
2241,0,1,1,1,1,1,1,1,0
2242,0,1,1,1,1,1,1,1,0
2243,0,1,1,1,1,1,1,1,0
2244,0,1,1,1,1,1,1,1,1
2245,0,1,1,1,1,1,1,1,1
2246,0,1,1,1,1,1,1,1,1
2247,0,1,1,1,1,1,1,1,1
2248,0,1,1,1,1,1,1,1,1
2249,0,1,1,1,1,1,1,1,1
2250,0,1,1,1,1,1,1,1,1
2251,0,1,1,1,1,1,1,1,1
2252,0,1,1,1,1,1,1,1,1
2253,0,1,1,1,1,1,1,1,1
2254,0,1,1,1,1,1,1,1,1
2255,0,1,1,1,1,1,1,1,1
2256,0,1,1,1,1,1,1,1,1
2257,0,1,1,1,1,1,1,1,1
2258,0,1,1,1,1,1,1,1,1
2259,0,1,1,1,1,1,1,1,1
2260,0,1,1,1,1,1,1,1,1
2261,0,1,1,1,1,1,1,1,1
2262,0,1,1,1,1,1,1,1,1
2263,0,1,1,1,1,1,1,1,1
2264,0,1,1,1,1,1,1,1,1
2265,0,1,1,1,1,1,1,1,1
2266,0,1,1,1,1,1,1,1,1
2267,0,1,1,1,1,1,1,1,1
2268,0,1,1,1,1,1,1,1,0
2269,0,1,1,1,1,1,1,1,0
2270,0,1,1,1,1,1,1,1,0
2271,0,1,1,1,1,1,1,1,0
2272,0,1,1,0,1,1,1,1,0
2273,0,1,1,0,1,1,1,1,0
2274,0,1,1,0,1,1,1,1,0
2275,0,1,1,0,1,1,1,1,0
2276,0,1,1,1,1,0,1,1,1
2277,0,1,1,1,1,0,1,1,1
2278,0,1,1,1,1,0,1,1,1
2279,0,1,1,1,1,0,1,1,1
2280,0,1,1,1,1,1,1,1,1
2281,0,1,1,1,1,1,1,1,1
2282,0,1,1,1,1,1,1,1,1
2283,0,1,1,1,1,1,1,1,1
2284,0,1,1,1,1,1,1,1,1
2285,0,1,1,1,1,1,1,1,1
2286,0,1,1,1,1,1,1,1,1
2287,0,1,1,1,1,1,1,1,1
2288,0,1,1,1,1,1,1,1,0
2289,0,1,1,1,1,1,1,1,0
2290,0,1,1,1,1,1,1,1,0
2291,0,1,1,1,1,1,1,1,0
2292,1,1,1,1,1,1,1,1,1
2293,1,1,1,1,1,1,1,1,1
2294,1,1,1,1,1,1,1,1,1
2295,1,1,1,1,1,1,1,1,1
2296,0,1,1,1,1,1,1,1,0
2297,0,1,1,1,1,1,1,1,0
2298,0,1,1,1,1,1,1,1,0
2299,0,1,1,1,1,1,1,1,0
2300,0,1,1,1,1,1,1,1,0
2301,0,1,1,1,1,1,1,1,0
2302,0,1,1,1,1,1,1,1,0
2303,0,1,1,1,1,1,1,1,0
2304,0,1,1,1,1,1,1,1,1
2305,0,1,1,1,1,1,1,1,1
2306,0,1,1,1,1,1,1,1,1
2307,0,1,1,1,1,1,1,1,1
2308,0,1,1,1,1,1,1,1,1
2309,0,1,1,1,1,1,1,1,1
2310,0,1,1,1,1,1,1,1,1
2311,0,1,1,1,1,1,1,1,1
2312,0,1,1,1,1,1,1,1,1
2313,0,1,1,1,1,1,1,1,1
2314,0,1,1,1,1,1,1,1,1
2315,0,1,1,1,1,1,1,1,1
2316,0,1,1,1,1,1,1,1,0
2317,0,1,1,1,1,1,1,1,0
2318,0,1,1,1,1,1,1,1,0
2319,0,1,1,1,1,1,1,1,0
2320,1,1,1,1,1,1,1,1,1
2321,1,1,1,1,1,1,1,1,1
2322,1,1,1,1,1,1,1,1,1
2323,1,1,1,1,1,1,1,1,1
2324,0,1,1,1,1,1,1,1,1
2325,0,1,1,1,1,1,1,1,1
2326,0,1,1,1,1,1,1,1,1
2327,0,1,1,1,1,1,1,1,1
2328,0,1,1,1,1,1,1,1,1
2329,0,1,1,1,1,1,1,1,1
2330,0,1,1,1,1,1,1,1,1
2331,0,1,1,1,1,1,1,1,1
2332,0,1,1,1,1,1,1,1,0
2333,0,1,1,1,1,1,1,1,0
2334,0,1,1,1,1,1,1,1,0
2335,0,1,1,1,1,1,1,1,0
2336,0,1,1,0,1,1,1,1,1
2337,0,1,1,0,1,1,1,1,1
2338,0,1,1,0,1,1,1,1,1
2339,0,1,1,0,1,1,1,1,1
2340,0,1,1,1,1,1,1,1,0
2341,0,1,1,1,1,1,1,1,0
2342,0,1,1,1,1,1,1,1,0
2343,0,1,1,1,1,1,1,1,0
2344,0,1,1,1,1,1,1,1,1
2345,0,1,1,1,1,1,1,1,1
2346,0,1,1,1,1,1,1,1,1
2347,0,1,1,1,1,1,1,1,1
2348,0,1,1,1,1,1,1,1,0
2349,0,1,1,1,1,1,1,1,0
2350,0,1,1,1,1,1,1,1,0
2351,0,1,1,1,1,1,1,1,0
2352,0,1,1,1,1,1,1,1,0
2353,0,1,1,1,1,1,1,1,0
2354,0,1,1,1,1,1,1,1,0
2355,0,1,1,1,1,1,1,1,0
2356,0,1,1,1,1,1,1,1,1
2357,0,1,1,1,1,1,1,1,1
2358,0,1,1,1,1,1,1,1,1
2359,0,1,1,1,1,1,1,1,1
2360,1,1,1,1,1,1,1,1,1
2361,1,1,1,1,1,1,1,1,1
2362,1,1,1,1,1,1,1,1,1
2363,1,1,1,1,1,1,1,1,1
2364,1,1,1,1,1,1,1,1,1
2365,1,1,1,1,1,1,1,1,1
2366,1,1,1,1,1,1,1,1,1
2367,1,1,1,1,1,1,1,1,1
2368,0,1,1,1,1,1,1,1,0
2369,0,1,1,1,1,1,1,1,0
2370,0,1,1,1,1,1,1,1,0
2371,0,1,1,1,1,1,1,1,0
2372,0,1,1,1,1,1,1,1,1
2373,0,1,1,1,1,1,1,1,1
2374,0,1,1,1,1,1,1,1,1
2375,0,1,1,1,1,1,1,1,1
2376,0,1,1,1,1,1,1,1,0
2377,0,1,1,1,1,1,1,1,0
2378,0,1,1,1,1,1,1,1,0
2379,0,1,1,1,1,1,1,1,0
2380,0,1,1,1,1,0,1,1,0
2381,0,1,1,1,1,0,1,1,0
2382,0,1,1,1,1,0,1,1,0
2383,0,1,1,1,1,0,1,1,0
2384,1,1,1,1,1,1,1,1,0
2385,1,1,1,1,1,1,1,1,0
2386,1,1,1,1,1,1,1,1,0
2387,1,1,1,1,1,1,1,1,0
2388,1,1,1,1,1,1,1,1,1
2389,1,1,1,1,1,1,1,1,1
2390,1,1,1,1,1,1,1,1,1
2391,1,1,1,1,1,1,1,1,1
2392,0,1,1,1,1,1,1,1,1
2393,0,1,1,1,1,1,1,1,1
2394,0,1,1,1,1,1,1,1,1
2395,0,1,1,1,1,1,1,1,1
2396,0,1,1,1,1,1,1,1,1
2397,0,1,1,1,1,1,1,1,1
2398,0,1,1,1,1,1,1,1,1
2399,0,1,1,1,1,1,1,1,1
2400,0,1,1,1,1,1,1,1,1
2401,0,1,1,1,1,1,1,1,1
2402,0,1,1,1,1,1,1,1,1
2403,0,1,1,1,1,1,1,1,1
2404,0,1,1,1,1,1,1,1,1
2405,0,1,1,1,1,1,1,1,1
2406,0,1,1,1,1,1,1,1,1
2407,0,1,1,1,1,1,1,1,1
2408,0,1,1,1,1,1,1,1,0
2409,0,1,1,1,1,1,1,1,0
2410,0,1,1,1,1,1,1,1,0
2411,0,1,1,1,1,1,1,1,0
2412,0,1,1,1,1,1,1,1,1
2413,0,1,1,1,1,1,1,1,1
2414,0,1,1,1,1,1,1,1,1
2415,0,1,1,1,1,1,1,1,1
2416,0,1,1,1,1,1,1,1,0
2417,0,1,1,1,1,1,1,1,0
2418,0,1,1,1,1,1,1,1,0
2419,0,1,1,1,1,1,1,1,0
2420,1,1,1,1,1,1,1,1,0
2421,1,1,1,1,1,1,1,1,0
2422,1,1,1,1,1,1,1,1,0
2423,1,1,1,1,1,1,1,1,0
2424,0,1,1,1,1,1,1,1,1
2425,0,1,1,1,1,1,1,1,1
2426,0,1,1,1,1,1,1,1,1
2427,0,1,1,1,1,1,1,1,1
2428,1,1,1,1,1,1,1,1,1
2429,1,1,1,1,1,1,1,1,1
2430,1,1,1,1,1,1,1,1,1
2431,1,1,1,1,1,1,1,1,1
2432,0,1,1,1,1,1,1,1,1
2433,0,1,1,1,1,1,1,1,1
2434,0,1,1,1,1,1,1,1,1
2435,0,1,1,1,1,1,1,1,1
2436,0,1,1,1,1,1,1,1,1
2437,0,1,1,1,1,1,1,1,1
2438,0,1,1,1,1,1,1,1,1
2439,0,1,1,1,1,1,1,1,1
2440,0,1,1,1,1,1,1,1,0
2441,0,1,1,1,1,1,1,1,0
2442,0,1,1,1,1,1,1,1,0
2443,0,1,1,1,1,1,1,1,0
2444,1,1,1,1,1,1,1,1,1
2445,1,1,1,1,1,1,1,1,1
2446,1,1,1,1,1,1,1,1,1
2447,1,1,1,1,1,1,1,1,1
2448,0,1,1,1,1,1,1,1,0
2449,0,1,1,1,1,1,1,1,0
2450,0,1,1,1,1,1,1,1,0
2451,0,1,1,1,1,1,1,1,0
2452,0,1,1,1,1,1,1,1,0
2453,0,1,1,1,1,1,1,1,0
2454,0,1,1,1,1,1,1,1,0
2455,0,1,1,1,1,1,1,1,0
2456,0,1,0,1,1,1,1,1,1
2457,0,1,0,1,1,1,1,1,1
2458,0,1,0,1,1,1,1,1,1
2459,0,1,0,1,1,1,1,1,1
2460,0,1,1,1,1,1,1,1,1
2461,0,1,1,1,1,1,1,1,1
2462,0,1,1,1,1,1,1,1,1
2463,0,1,1,1,1,1,1,1,1
2464,0,1,1,1,1,1,1,1,0
2465,0,1,1,1,1,1,1,1,0
2466,0,1,1,1,1,1,1,1,0
2467,0,1,1,1,1,1,1,1,0
2468,0,1,1,1,1,1,1,1,1
2469,0,1,1,1,1,1,1,1,1
2470,0,1,1,1,1,1,1,1,1
2471,0,1,1,1,1,1,1,1,1
2472,1,1,1,1,1,1,1,1,0
2473,1,1,1,1,1,1,1,1,0
2474,1,1,1,1,1,1,1,1,0
2475,1,1,1,1,1,1,1,1,0
2476,0,1,1,1,1,1,1,1,0
2477,0,1,1,1,1,1,1,1,0
2478,0,1,1,1,1,1,1,1,0
2479,0,1,1,1,1,1,1,1,0
2480,1,1,1,1,1,1,1,1,0
2481,1,1,1,1,1,1,1,1,0
2482,1,1,1,1,1,1,1,1,0
2483,1,1,1,1,1,1,1,1,0
2484,1,1,1,1,1,1,1,1,0
2485,1,1,1,1,1,1,1,1,0
2486,1,1,1,1,1,1,1,1,0
2487,1,1,1,1,1,1,1,1,0
2488,0,1,1,1,1,1,1,1,1
2489,0,1,1,1,1,1,1,1,1
2490,0,1,1,1,1,1,1,1,1
2491,0,1,1,1,1,1,1,1,1
2492,0,1,1,1,1,1,1,1,1
2493,0,1,1,1,1,1,1,1,1
2494,0,1,1,1,1,1,1,1,1
2495,0,1,1,1,1,1,1,1,1
2496,0,1,1,1,1,1,1,1,0
2497,0,1,1,1,1,1,1,1,0
2498,0,1,1,1,1,1,1,1,0
2499,0,1,1,1,1,1,1,1,0
2500,0,1,1,1,1,1,1,1,1
2501,0,1,1,1,1,1,1,1,1
2502,0,1,1,1,1,1,1,1,1
2503,0,1,1,1,1,1,1,1,1
2504,0,1,1,1,1,1,1,1,0
2505,0,1,1,1,1,1,1,1,0
2506,0,1,1,1,1,1,1,1,0
2507,0,1,1,1,1,1,1,1,0
2508,1,1,1,1,1,1,1,1,1
2509,1,1,1,1,1,1,1,1,1
2510,1,1,1,1,1,1,1,1,1
2511,1,1,1,1,1,1,1,1,1
2512,0,1,1,1,1,1,1,1,1
2513,0,1,1,1,1,1,1,1,1
2514,0,1,1,1,1,1,1,1,1
2515,0,1,1,1,1,1,1,1,1
2516,0,1,1,1,1,1,1,1,1
2517,0,1,1,1,1,1,1,1,1
2518,0,1,1,1,1,1,1,1,1
2519,0,1,1,1,1,1,1,1,1
2520,0,1,1,1,1,1,1,1,0
2521,0,1,1,1,1,1,1,1,0
2522,0,1,1,1,1,1,1,1,0
2523,0,1,1,1,1,1,1,1,0
2524,0,1,1,1,1,1,1,1,1
2525,0,1,1,1,1,1,1,1,1
2526,0,1,1,1,1,1,1,1,1
2527,0,1,1,1,1,1,1,1,1
2528,0,1,1,1,1,1,1,1,1
2529,0,1,1,1,1,1,1,1,1
2530,0,1,1,1,1,1,1,1,1
2531,0,1,1,1,1,1,1,1,1
2532,0,1,1,1,1,1,1,1,1
2533,0,1,1,1,1,1,1,1,1
2534,0,1,1,1,1,1,1,1,1
2535,0,1,1,1,1,1,1,1,1
2536,0,1,1,1,1,1,1,1,0
2537,0,1,1,1,1,1,1,1,0
2538,0,1,1,1,1,1,1,1,0
2539,0,1,1,1,1,1,1,1,0
2540,0,1,1,1,1,1,1,1,0
2541,0,1,1,1,1,1,1,1,0
2542,0,1,1,1,1,1,1,1,0
2543,0,1,1,1,1,1,1,1,0
2544,0,1,1,1,1,1,1,1,1
2545,0,1,1,1,1,1,1,1,1
2546,0,1,1,1,1,1,1,1,1
2547,0,1,1,1,1,1,1,1,1
2548,0,1,1,1,1,1,1,1,1
2549,0,1,1,1,1,1,1,1,1
2550,0,1,1,1,1,1,1,1,1
2551,0,1,1,1,1,1,1,1,1
2552,0,1,1,1,1,1,1,1,1
2553,0,1,1,1,1,1,1,1,1
2554,0,1,1,1,1,1,1,1,1
2555,0,1,1,1,1,1,1,1,1
2556,0,1,1,1,1,1,1,1,1
2557,0,1,1,1,1,1,1,1,1
2558,0,1,1,1,1,1,1,1,1
2559,0,1,1,1,1,1,1,1,1
2560,0,1,1,1,1,1,1,1,0
2561,0,1,1,1,1,1,1,1,0
2562,0,1,1,1,1,1,1,1,0
2563,0,1,1,1,1,1,1,1,0
2564,0,1,1,1,1,1,1,1,1
2565,0,1,1,1,1,1,1,1,1
2566,0,1,1,1,1,1,1,1,1
2567,0,1,1,1,1,1,1,1,1
2568,1,1,1,0,1,1,1,1,1
2569,1,1,1,0,1,1,1,1,1
2570,1,1,1,0,1,1,1,1,1
2571,1,1,1,0,1,1,1,1,1
2572,0,1,1,1,1,1,1,1,1
2573,0,1,1,1,1,1,1,1,1
2574,0,1,1,1,1,1,1,1,1
2575,0,1,1,1,1,1,1,1,1
2576,0,1,1,1,1,0,1,1,1
2577,0,1,1,1,1,0,1,1,1
2578,0,1,1,1,1,0,1,1,1
2579,0,1,1,1,1,0,1,1,1
2580,0,1,1,1,1,1,1,1,1
2581,0,1,1,1,1,1,1,1,1
2582,0,1,1,1,1,1,1,1,1
2583,0,1,1,1,1,1,1,1,1
2584,0,1,1,1,1,1,1,1,1
2585,0,1,1,1,1,1,1,1,1
2586,0,1,1,1,1,1,1,1,1
2587,0,1,1,1,1,1,1,1,1
2588,0,1,1,1,1,1,1,1,0
2589,0,1,1,1,1,1,1,1,0
2590,0,1,1,1,1,1,1,1,0
2591,0,1,1,1,1,1,1,1,0
2592,1,1,1,0,1,1,1,1,1
2593,1,1,1,0,1,1,1,1,1
2594,1,1,1,0,1,1,1,1,1
2595,1,1,1,0,1,1,1,1,1
2596,0,1,1,1,1,1,1,1,1
2597,0,1,1,1,1,1,1,1,1
2598,0,1,1,1,1,1,1,1,1
2599,0,1,1,1,1,1,1,1,1
2600,0,1,1,1,1,1,1,1,0
2601,0,1,1,1,1,1,1,1,0
2602,0,1,1,1,1,1,1,1,0
2603,0,1,1,1,1,1,1,1,0
2604,0,1,1,1,1,1,1,1,0
2605,0,1,1,1,1,1,1,1,0
2606,0,1,1,1,1,1,1,1,0
2607,0,1,1,1,1,1,1,1,0
2608,1,1,1,1,1,1,1,1,0
2609,1,1,1,1,1,1,1,1,0
2610,1,1,1,1,1,1,1,1,0
2611,1,1,1,1,1,1,1,1,0
2612,0,1,1,1,1,1,1,1,1
2613,0,1,1,1,1,1,1,1,1
2614,0,1,1,1,1,1,1,1,1
2615,0,1,1,1,1,1,1,1,1
2616,0,1,1,1,1,1,1,1,0
2617,0,1,1,1,1,1,1,1,0
2618,0,1,1,1,1,1,1,1,0
2619,0,1,1,1,1,1,1,1,0
2620,0,1,1,1,1,1,1,1,0
2621,0,1,1,1,1,1,1,1,0
2622,0,1,1,1,1,1,1,1,0
2623,0,1,1,1,1,1,1,1,0
2624,0,1,1,1,1,1,1,1,1
2625,0,1,1,1,1,1,1,1,1
2626,0,1,1,1,1,1,1,1,1
2627,0,1,1,1,1,1,1,1,1
2628,0,1,1,1,1,1,1,1,1
2629,0,1,1,1,1,1,1,1,1
2630,0,1,1,1,1,1,1,1,1
2631,0,1,1,1,1,1,1,1,1
2632,0,0,1,1,1,1,1,1,0
2633,0,0,1,1,1,1,1,1,0
2634,0,0,1,1,1,1,1,1,0
2635,0,0,1,1,1,1,1,1,0
2636,0,1,1,1,1,1,1,1,0
2637,0,1,1,1,1,1,1,1,0
2638,0,1,1,1,1,1,1,1,0
2639,0,1,1,1,1,1,1,1,0
2640,0,1,1,1,1,1,1,1,1
2641,0,1,1,1,1,1,1,1,1
2642,0,1,1,1,1,1,1,1,1
2643,0,1,1,1,1,1,1,1,1
2644,0,1,1,1,1,1,1,1,1
2645,0,1,1,1,1,1,1,1,1
2646,0,1,1,1,1,1,1,1,1
2647,0,1,1,1,1,1,1,1,1
2648,0,1,1,1,1,1,1,1,1
2649,0,1,1,1,1,1,1,1,1
2650,0,1,1,1,1,1,1,1,1
2651,0,1,1,1,1,1,1,1,1
2652,0,1,1,1,1,1,0,1,0
2653,0,1,1,1,1,1,0,1,0
2654,0,1,1,1,1,1,0,1,0
2655,0,1,1,1,1,1,0,1,0
2656,0,1,1,1,1,1,1,1,1
2657,0,1,1,1,1,1,1,1,1
2658,0,1,1,1,1,1,1,1,1
2659,0,1,1,1,1,1,1,1,1
2660,0,1,1,1,1,1,1,1,1
2661,0,1,1,1,1,1,1,1,1
2662,0,1,1,1,1,1,1,1,1
2663,0,1,1,1,1,1,1,1,1
2664,0,1,1,1,1,1,1,1,0
2665,0,1,1,1,1,1,1,1,0
2666,0,1,1,1,1,1,1,1,0
2667,0,1,1,1,1,1,1,1,0
2668,0,1,1,1,1,1,1,1,1
2669,0,1,1,1,1,1,1,1,1
2670,0,1,1,1,1,1,1,1,1
2671,0,1,1,1,1,1,1,1,1
2672,0,1,1,1,1,1,1,1,0
2673,0,1,1,1,1,1,1,1,0
2674,0,1,1,1,1,1,1,1,0
2675,0,1,1,1,1,1,1,1,0
2676,0,1,1,1,1,1,1,1,0
2677,0,1,1,1,1,1,1,1,0
2678,0,1,1,1,1,1,1,1,0
2679,0,1,1,1,1,1,1,1,0
2680,0,1,1,1,1,1,1,1,1
2681,0,1,1,1,1,1,1,1,1
2682,0,1,1,1,1,1,1,1,1
2683,0,1,1,1,1,1,1,1,1
2684,0,1,1,1,1,1,1,1,0
2685,0,1,1,1,1,1,1,1,0
2686,0,1,1,1,1,1,1,1,0
2687,0,1,1,1,1,1,1,1,0
2688,0,1,1,1,1,1,1,1,1
2689,0,1,1,1,1,1,1,1,1
2690,0,1,1,1,1,1,1,1,1
2691,0,1,1,1,1,1,1,1,1
2692,0,1,1,1,1,1,1,1,1
2693,0,1,1,1,1,1,1,1,1
2694,0,1,1,1,1,1,1,1,1
2695,0,1,1,1,1,1,1,1,1
2696,0,1,1,1,1,1,1,1,1
2697,0,1,1,1,1,1,1,1,1
2698,0,1,1,1,1,1,1,1,1
2699,0,1,1,1,1,1,1,1,1
2700,0,1,1,1,1,1,1,1,1
2701,0,1,1,1,1,1,1,1,1
2702,0,1,1,1,1,1,1,1,1
2703,0,1,1,1,1,1,1,1,1
2704,0,1,1,1,1,1,1,1,0
2705,0,1,1,1,1,1,1,1,0
2706,0,1,1,1,1,1,1,1,0
2707,0,1,1,1,1,1,1,1,0
2708,0,1,1,1,1,1,1,1,1
2709,0,1,1,1,1,1,1,1,1
2710,0,1,1,1,1,1,1,1,1
2711,0,1,1,1,1,1,1,1,1
2712,0,1,1,1,1,1,1,1,0
2713,0,1,1,1,1,1,1,1,0
2714,0,1,1,1,1,1,1,1,0
2715,0,1,1,1,1,1,1,1,0
2716,0,1,1,1,1,1,1,1,0
2717,0,1,1,1,1,1,1,1,0
2718,0,1,1,1,1,1,1,1,0
2719,0,1,1,1,1,1,1,1,0
2720,0,1,1,1,1,1,1,1,0
2721,0,1,1,1,1,1,1,1,0
2722,0,1,1,1,1,1,1,1,0
2723,0,1,1,1,1,1,1,1,0
2724,0,1,1,1,1,1,1,1,0
2725,0,1,1,1,1,1,1,1,0
2726,0,1,1,1,1,1,1,1,0
2727,0,1,1,1,1,1,1,1,0
2728,0,1,1,1,1,1,1,1,1
2729,0,1,1,1,1,1,1,1,1
2730,0,1,1,1,1,1,1,1,1
2731,0,1,1,1,1,1,1,1,1
2732,0,1,1,1,1,1,1,1,1
2733,0,1,1,1,1,1,1,1,1
2734,0,1,1,1,1,1,1,1,1
2735,0,1,1,1,1,1,1,1,1
2736,0,1,1,0,1,1,1,1,1
2737,0,1,1,0,1,1,1,1,1
2738,0,1,1,0,1,1,1,1,1
2739,0,1,1,0,1,1,1,1,1
2740,0,1,1,1,1,1,1,1,0
2741,0,1,1,1,1,1,1,1,0
2742,0,1,1,1,1,1,1,1,0
2743,0,1,1,1,1,1,1,1,0
2744,1,1,1,1,1,1,1,1,1
2745,1,1,1,1,1,1,1,1,1
2746,1,1,1,1,1,1,1,1,1
2747,1,1,1,1,1,1,1,1,1
2748,0,1,1,1,1,1,1,1,1
2749,0,1,1,1,1,1,1,1,1
2750,0,1,1,1,1,1,1,1,1
2751,0,1,1,1,1,1,1,1,1
2752,0,1,1,1,1,1,1,1,1
2753,0,1,1,1,1,1,1,1,1
2754,0,1,1,1,1,1,1,1,1
2755,0,1,1,1,1,1,1,1,1
2756,0,1,1,1,1,1,1,1,1
2757,0,1,1,1,1,1,1,1,1
2758,0,1,1,1,1,1,1,1,1
2759,0,1,1,1,1,1,1,1,1
2760,1,1,1,1,1,1,1,1,1
2761,1,1,1,1,1,1,1,1,1
2762,1,1,1,1,1,1,1,1,1
2763,1,1,1,1,1,1,1,1,1
2764,0,1,1,1,1,1,1,1,1
2765,0,1,1,1,1,1,1,1,1
2766,0,1,1,1,1,1,1,1,1
2767,0,1,1,1,1,1,1,1,1
2768,0,1,1,0,1,1,1,1,0
2769,0,1,1,0,1,1,1,1,0
2770,0,1,1,0,1,1,1,1,0
2771,0,1,1,0,1,1,1,1,0
2772,0,1,1,1,1,1,1,1,1
2773,0,1,1,1,1,1,1,1,1
2774,0,1,1,1,1,1,1,1,1
2775,0,1,1,1,1,1,1,1,1
2776,1,1,1,1,1,1,1,1,0
2777,1,1,1,1,1,1,1,1,0
2778,1,1,1,1,1,1,1,1,0
2779,1,1,1,1,1,1,1,1,0
2780,1,1,1,1,1,1,1,1,1
2781,1,1,1,1,1,1,1,1,1
2782,1,1,1,1,1,1,1,1,1
2783,1,1,1,1,1,1,1,1,1
2784,1,1,1,1,1,1,1,1,0
2785,1,1,1,1,1,1,1,1,0
2786,1,1,1,1,1,1,1,1,0
2787,1,1,1,1,1,1,1,1,0
2788,0,1,1,1,1,1,1,1,0
2789,0,1,1,1,1,1,1,1,0
2790,0,1,1,1,1,1,1,1,0
2791,0,1,1,1,1,1,1,1,0
2792,0,1,1,1,1,1,1,1,1
2793,0,1,1,1,1,1,1,1,1
2794,0,1,1,1,1,1,1,1,1
2795,0,1,1,1,1,1,1,1,1
2796,0,1,1,1,1,1,1,1,1
2797,0,1,1,1,1,1,1,1,1
2798,0,1,1,1,1,1,1,1,1
2799,0,1,1,1,1,1,1,1,1
2800,0,1,1,1,1,1,1,1,1
2801,0,1,1,1,1,1,1,1,1
2802,0,1,1,1,1,1,1,1,1
2803,0,1,1,1,1,1,1,1,1
2804,0,1,1,1,1,1,1,1,1
2805,0,1,1,1,1,1,1,1,1
2806,0,1,1,1,1,1,1,1,1
2807,0,1,1,1,1,1,1,1,1
2808,1,1,1,1,1,1,1,1,0
2809,1,1,1,1,1,1,1,1,0
2810,1,1,1,1,1,1,1,1,0
2811,1,1,1,1,1,1,1,1,0
2812,0,1,1,1,1,1,1,1,1
2813,0,1,1,1,1,1,1,1,1
2814,0,1,1,1,1,1,1,1,1
2815,0,1,1,1,1,1,1,1,1
2816,1,1,1,1,1,1,1,1,1
2817,1,1,1,1,1,1,1,1,1
2818,1,1,1,1,1,1,1,1,1
2819,1,1,1,1,1,1,1,1,1
2820,0,1,1,1,1,1,1,1,1
2821,0,1,1,1,1,1,1,1,1
2822,0,1,1,1,1,1,1,1,1
2823,0,1,1,1,1,1,1,1,1
2824,0,1,1,1,1,1,1,1,0
2825,0,1,1,1,1,1,1,1,0
2826,0,1,1,1,1,1,1,1,0
2827,0,1,1,1,1,1,1,1,0
2828,0,1,1,1,1,0,1,1,0
2829,0,1,1,1,1,0,1,1,0
2830,0,1,1,1,1,0,1,1,0
2831,0,1,1,1,1,0,1,1,0
2832,0,1,1,1,1,1,1,1,0
2833,0,1,1,1,1,1,1,1,0
2834,0,1,1,1,1,1,1,1,0
2835,0,1,1,1,1,1,1,1,0
2836,0,1,1,1,1,1,1,1,0
2837,0,1,1,1,1,1,1,1,0
2838,0,1,1,1,1,1,1,1,0
2839,0,1,1,1,1,1,1,1,0
2840,0,1,1,1,1,0,1,1,1
2841,0,1,1,1,1,0,1,1,1
2842,0,1,1,1,1,0,1,1,1
2843,0,1,1,1,1,0,1,1,1
2844,0,1,1,1,1,1,1,1,0
2845,0,1,1,1,1,1,1,1,0
2846,0,1,1,1,1,1,1,1,0
2847,0,1,1,1,1,1,1,1,0
2848,1,1,1,1,1,1,1,1,0
2849,1,1,1,1,1,1,1,1,0
2850,1,1,1,1,1,1,1,1,0
2851,1,1,1,1,1,1,1,1,0
2852,0,1,1,1,1,1,1,1,1
2853,0,1,1,1,1,1,1,1,1
2854,0,1,1,1,1,1,1,1,1
2855,0,1,1,1,1,1,1,1,1
2856,0,1,1,1,1,1,1,1,1
2857,0,1,1,1,1,1,1,1,1
2858,0,1,1,1,1,1,1,1,1
2859,0,1,1,1,1,1,1,1,1
2860,0,1,1,1,1,1,1,1,1
2861,0,1,1,1,1,1,1,1,1
2862,0,1,1,1,1,1,1,1,1
2863,0,1,1,1,1,1,1,1,1
2864,0,1,1,1,1,1,1,1,1
2865,0,1,1,1,1,1,1,1,1
2866,0,1,1,1,1,1,1,1,1
2867,0,1,1,1,1,1,1,1,1
2868,0,1,1,1,1,1,1,1,1
2869,0,1,1,1,1,1,1,1,1
2870,0,1,1,1,1,1,1,1,1
2871,0,1,1,1,1,1,1,1,1
2872,0,1,1,1,1,1,1,1,0
2873,0,1,1,1,1,1,1,1,0
2874,0,1,1,1,1,1,1,1,0
2875,0,1,1,1,1,1,1,1,0
2876,0,1,1,1,1,1,1,1,1
2877,0,1,1,1,1,1,1,1,1
2878,0,1,1,1,1,1,1,1,1
2879,0,1,1,1,1,1,1,1,1
2880,0,1,1,1,1,1,1,1,1
2881,0,1,1,1,1,1,1,1,1
2882,0,1,1,1,1,1,1,1,1
2883,0,1,1,1,1,1,1,1,1
2884,0,1,1,0,1,1,1,1,0
2885,0,1,1,0,1,1,1,1,0
2886,0,1,1,0,1,1,1,1,0
2887,0,1,1,0,1,1,1,1,0
2888,1,1,1,1,1,1,1,1,0
2889,1,1,1,1,1,1,1,1,0
2890,1,1,1,1,1,1,1,1,0
2891,1,1,1,1,1,1,1,1,0
2892,0,1,1,1,1,1,1,1,0
2893,0,1,1,1,1,1,1,1,0
2894,0,1,1,1,1,1,1,1,0
2895,0,1,1,1,1,1,1,1,0
2896,0,1,1,1,1,1,1,1,1
2897,0,1,1,1,1,1,1,1,1
2898,0,1,1,1,1,1,1,1,1
2899,0,1,1,1,1,1,1,1,1
2900,0,1,1,1,1,1,1,1,1
2901,0,1,1,1,1,1,1,1,1
2902,0,1,1,1,1,1,1,1,1
2903,0,1,1,1,1,1,1,1,1
2904,0,1,1,1,1,1,1,1,0
2905,0,1,1,1,1,1,1,1,0
2906,0,1,1,1,1,1,1,1,0
2907,0,1,1,1,1,1,1,1,0
2908,0,1,1,1,1,1,1,1,0
2909,0,1,1,1,1,1,1,1,0
2910,0,1,1,1,1,1,1,1,0
2911,0,1,1,1,1,1,1,1,0
2912,1,1,1,1,1,1,1,1,1
2913,1,1,1,1,1,1,1,1,1
2914,1,1,1,1,1,1,1,1,1
2915,1,1,1,1,1,1,1,1,1
2916,0,1,1,1,1,1,1,1,0
2917,0,1,1,1,1,1,1,1,0
2918,0,1,1,1,1,1,1,1,0
2919,0,1,1,1,1,1,1,1,0
2920,0,1,1,1,1,1,1,1,1
2921,0,1,1,1,1,1,1,1,1
2922,0,1,1,1,1,1,1,1,1
2923,0,1,1,1,1,1,1,1,1
2924,1,1,1,1,1,1,1,1,1
2925,1,1,1,1,1,1,1,1,1
2926,1,1,1,1,1,1,1,1,1
2927,1,1,1,1,1,1,1,1,1
2928,0,1,1,1,1,1,1,1,1
2929,0,1,1,1,1,1,1,1,1
2930,0,1,1,1,1,1,1,1,1
2931,0,1,1,1,1,1,1,1,1
2932,1,1,1,1,1,1,1,1,1
2933,1,1,1,1,1,1,1,1,1
2934,1,1,1,1,1,1,1,1,1
2935,1,1,1,1,1,1,1,1,1
2936,0,1,1,1,1,1,1,1,1
2937,0,1,1,1,1,1,1,1,1
2938,0,1,1,1,1,1,1,1,1
2939,0,1,1,1,1,1,1,1,1
2940,0,1,1,1,1,0,1,1,1
2941,0,1,1,1,1,0,1,1,1
2942,0,1,1,1,1,0,1,1,1
2943,0,1,1,1,1,0,1,1,1
2944,1,1,1,1,1,1,1,1,0
2945,1,1,1,1,1,1,1,1,0
2946,1,1,1,1,1,1,1,1,0
2947,1,1,1,1,1,1,1,1,0
2948,0,1,1,1,1,0,1,1,1
2949,0,1,1,1,1,0,1,1,1
2950,0,1,1,1,1,0,1,1,1
2951,0,1,1,1,1,0,1,1,1
2952,0,1,1,1,1,1,1,1,0
2953,0,1,1,1,1,1,1,1,0
2954,0,1,1,1,1,1,1,1,0
2955,0,1,1,1,1,1,1,1,0
2956,0,1,1,1,1,1,1,1,0
2957,0,1,1,1,1,1,1,1,0
2958,0,1,1,1,1,1,1,1,0
2959,0,1,1,1,1,1,1,1,0
2960,0,1,1,1,1,1,1,1,0
2961,0,1,1,1,1,1,1,1,0
2962,0,1,1,1,1,1,1,1,0
2963,0,1,1,1,1,1,1,1,0
2964,1,1,1,1,1,1,1,1,1
2965,1,1,1,1,1,1,1,1,1
2966,1,1,1,1,1,1,1,1,1
2967,1,1,1,1,1,1,1,1,1
2968,0,1,1,1,1,1,1,1,1
2969,0,1,1,1,1,1,1,1,1
2970,0,1,1,1,1,1,1,1,1
2971,0,1,1,1,1,1,1,1,1
2972,0,1,1,1,1,1,1,1,0
2973,0,1,1,1,1,1,1,1,0
2974,0,1,1,1,1,1,1,1,0
2975,0,1,1,1,1,1,1,1,0
2976,0,1,1,1,1,1,1,1,1
2977,0,1,1,1,1,1,1,1,1
2978,0,1,1,1,1,1,1,1,1
2979,0,1,1,1,1,1,1,1,1
2980,1,1,1,1,1,1,1,1,1
2981,1,1,1,1,1,1,1,1,1
2982,1,1,1,1,1,1,1,1,1
2983,1,1,1,1,1,1,1,1,1
2984,0,1,1,1,1,1,1,1,0
2985,0,1,1,1,1,1,1,1,0
2986,0,1,1,1,1,1,1,1,0
2987,0,1,1,1,1,1,1,1,0
2988,0,1,1,1,1,1,1,1,1
2989,0,1,1,1,1,1,1,1,1
2990,0,1,1,1,1,1,1,1,1
2991,0,1,1,1,1,1,1,1,1
2992,0,1,1,1,1,1,1,1,1
2993,0,1,1,1,1,1,1,1,1
2994,0,1,1,1,1,1,1,1,1
2995,0,1,1,1,1,1,1,1,1
2996,0,1,1,1,1,1,1,1,1
2997,0,1,1,1,1,1,1,1,1
2998,0,1,1,1,1,1,1,1,1
2999,0,1,1,1,1,1,1,1,1
3000,0,1,1,1,1,1,1,1,0
3001,0,1,1,1,1,1,1,1,0
3002,0,1,1,1,1,1,1,1,0
3003,0,1,1,1,1,1,1,1,0
3004,0,1,1,1,1,1,1,1,1
3005,0,1,1,1,1,1,1,1,1
3006,0,1,1,1,1,1,1,1,1
3007,0,1,1,1,1,1,1,1,1
3008,0,1,1,1,1,1,1,1,0
3009,0,1,1,1,1,1,1,1,0
3010,0,1,1,1,1,1,1,1,0
3011,0,1,1,1,1,1,1,1,0
3012,0,1,1,1,1,1,1,1,1
3013,0,1,1,1,1,1,1,1,1
3014,0,1,1,1,1,1,1,1,1
3015,0,1,1,1,1,1,1,1,1
3016,0,1,1,1,1,1,1,1,0
3017,0,1,1,1,1,1,1,1,0
3018,0,1,1,1,1,1,1,1,0
3019,0,1,1,1,1,1,1,1,0
3020,0,1,1,1,1,1,1,1,0
3021,0,1,1,1,1,1,1,1,0
3022,0,1,1,1,1,1,1,1,0
3023,0,1,1,1,1,1,1,1,0
3024,1,1,1,1,1,1,1,1,1
3025,1,1,1,1,1,1,1,1,1
3026,1,1,1,1,1,1,1,1,1
3027,1,1,1,1,1,1,1,1,1
3028,0,0,1,1,1,1,1,1,0
3029,0,0,1,1,1,1,1,1,0
3030,0,0,1,1,1,1,1,1,0
3031,0,0,1,1,1,1,1,1,0
3032,0,1,1,1,1,1,1,1,0
3033,0,1,1,1,1,1,1,1,0
3034,0,1,1,1,1,1,1,1,0
3035,0,1,1,1,1,1,1,1,0
3036,0,1,1,1,1,1,1,1,1
3037,0,1,1,1,1,1,1,1,1
3038,0,1,1,1,1,1,1,1,1
3039,0,1,1,1,1,1,1,1,1
3040,0,1,1,1,1,1,1,1,1
3041,0,1,1,1,1,1,1,1,1
3042,0,1,1,1,1,1,1,1,1
3043,0,1,1,1,1,1,1,1,1
3044,0,1,1,1,1,1,1,1,0
3045,0,1,1,1,1,1,1,1,0
3046,0,1,1,1,1,1,1,1,0
3047,0,1,1,1,1,1,1,1,0
3048,0,1,1,1,1,1,1,1,0
3049,0,1,1,1,1,1,1,1,0
3050,0,1,1,1,1,1,1,1,0
3051,0,1,1,1,1,1,1,1,0
3052,0,1,0,1,1,1,1,1,0
3053,0,1,0,1,1,1,1,1,0
3054,0,1,0,1,1,1,1,1,0
3055,0,1,0,1,1,1,1,1,0
3056,0,1,1,1,1,1,1,1,1
3057,0,1,1,1,1,1,1,1,1
3058,0,1,1,1,1,1,1,1,1
3059,0,1,1,1,1,1,1,1,1
3060,0,1,1,1,1,1,1,1,0
3061,0,1,1,1,1,1,1,1,0
3062,0,1,1,1,1,1,1,1,0
3063,0,1,1,1,1,1,1,1,0
3064,0,1,1,1,1,1,1,1,0
3065,0,1,1,1,1,1,1,1,0
3066,0,1,1,1,1,1,1,1,0
3067,0,1,1,1,1,1,1,1,0
3068,0,1,1,1,1,1,1,1,0
3069,0,1,1,1,1,1,1,1,0
3070,0,1,1,1,1,1,1,1,0
3071,0,1,1,1,1,1,1,1,0
3072,0,1,1,1,1,1,1,1,1
3073,0,1,1,1,1,1,1,1,1
3074,0,1,1,1,1,1,1,1,1
3075,0,1,1,1,1,1,1,1,1
3076,0,1,1,1,1,1,1,1,0
3077,0,1,1,1,1,1,1,1,0
3078,0,1,1,1,1,1,1,1,0
3079,0,1,1,1,1,1,1,1,0
3080,0,1,1,1,1,1,1,1,1
3081,0,1,1,1,1,1,1,1,1
3082,0,1,1,1,1,1,1,1,1
3083,0,1,1,1,1,1,1,1,1
3084,0,1,1,1,1,1,1,1,1
3085,0,1,1,1,1,1,1,1,1
3086,0,1,1,1,1,1,1,1,1
3087,0,1,1,1,1,1,1,1,1
3088,0,1,1,1,1,1,1,1,0
3089,0,1,1,1,1,1,1,1,0
3090,0,1,1,1,1,1,1,1,0
3091,0,1,1,1,1,1,1,1,0
3092,1,1,1,1,1,1,1,1,1
3093,1,1,1,1,1,1,1,1,1
3094,1,1,1,1,1,1,1,1,1
3095,1,1,1,1,1,1,1,1,1
3096,0,1,1,1,1,1,1,1,0
3097,0,1,1,1,1,1,1,1,0
3098,0,1,1,1,1,1,1,1,0
3099,0,1,1,1,1,1,1,1,0
3100,0,1,1,1,1,1,1,1,1
3101,0,1,1,1,1,1,1,1,1
3102,0,1,1,1,1,1,1,1,1
3103,0,1,1,1,1,1,1,1,1
3104,0,0,1,1,1,1,1,1,1
3105,0,0,1,1,1,1,1,1,1
3106,0,0,1,1,1,1,1,1,1
3107,0,0,1,1,1,1,1,1,1
3108,1,1,1,1,1,1,1,1,1
3109,1,1,1,1,1,1,1,1,1
3110,1,1,1,1,1,1,1,1,1
3111,1,1,1,1,1,1,1,1,1
3112,0,1,1,1,1,1,1,1,1
3113,0,1,1,1,1,1,1,1,1
3114,0,1,1,1,1,1,1,1,1
3115,0,1,1,1,1,1,1,1,1
3116,0,1,1,1,1,1,1,1,0
3117,0,1,1,1,1,1,1,1,0
3118,0,1,1,1,1,1,1,1,0
3119,0,1,1,1,1,1,1,1,0
3120,0,1,1,1,1,1,1,1,0
3121,0,1,1,1,1,1,1,1,0
3122,0,1,1,1,1,1,1,1,0
3123,0,1,1,1,1,1,1,1,0
3124,0,1,1,1,1,1,1,1,0
3125,0,1,1,1,1,1,1,1,0
3126,0,1,1,1,1,1,1,1,0
3127,0,1,1,1,1,1,1,1,0
3128,0,1,1,1,1,1,1,1,1
3129,0,1,1,1,1,1,1,1,1
3130,0,1,1,1,1,1,1,1,1
3131,0,1,1,1,1,1,1,1,1
3132,0,1,1,1,1,1,1,1,0
3133,0,1,1,1,1,1,1,1,0
3134,0,1,1,1,1,1,1,1,0
3135,0,1,1,1,1,1,1,1,0
3136,0,1,1,1,1,1,1,1,0
3137,0,1,1,1,1,1,1,1,0
3138,0,1,1,1,1,1,1,1,0
3139,0,1,1,1,1,1,1,1,0
3140,0,1,1,1,1,1,1,1,1
3141,0,1,1,1,1,1,1,1,1
3142,0,1,1,1,1,1,1,1,1
3143,0,1,1,1,1,1,1,1,1
3144,0,1,1,1,1,1,1,1,0
3145,0,1,1,1,1,1,1,1,0
3146,0,1,1,1,1,1,1,1,0
3147,0,1,1,1,1,1,1,1,0
3148,1,1,1,1,1,1,1,1,1
3149,1,1,1,1,1,1,1,1,1
3150,1,1,1,1,1,1,1,1,1
3151,1,1,1,1,1,1,1,1,1
3152,0,1,1,0,1,1,1,1,1
3153,0,1,1,0,1,1,1,1,1
3154,0,1,1,0,1,1,1,1,1
3155,0,1,1,0,1,1,1,1,1
3156,0,1,0,1,1,0,1,1,0
3157,0,1,0,1,1,0,1,1,0
3158,0,1,0,1,1,0,1,1,0
3159,0,1,0,1,1,0,1,1,0
3160,0,1,1,1,1,1,1,1,0
3161,0,1,1,1,1,1,1,1,0
3162,0,1,1,1,1,1,1,1,0
3163,0,1,1,1,1,1,1,1,0
3164,0,1,1,1,1,1,0,1,0
3165,0,1,1,1,1,1,0,1,0
3166,0,1,1,1,1,1,0,1,0
3167,0,1,1,1,1,1,0,1,0
3168,1,1,1,1,1,1,1,1,0
3169,1,1,1,1,1,1,1,1,0
3170,1,1,1,1,1,1,1,1,0
3171,1,1,1,1,1,1,1,1,0
3172,0,1,1,1,1,1,1,1,0
3173,0,1,1,1,1,1,1,1,0
3174,0,1,1,1,1,1,1,1,0
3175,0,1,1,1,1,1,1,1,0
3176,0,1,1,1,1,1,1,1,0
3177,0,1,1,1,1,1,1,1,0
3178,0,1,1,1,1,1,1,1,0
3179,0,1,1,1,1,1,1,1,0
3180,0,1,1,1,1,1,1,1,0
3181,0,1,1,1,1,1,1,1,0
3182,0,1,1,1,1,1,1,1,0
3183,0,1,1,1,1,1,1,1,0
3184,0,1,1,1,1,1,1,1,0
3185,0,1,1,1,1,1,1,1,0
3186,0,1,1,1,1,1,1,1,0
3187,0,1,1,1,1,1,1,1,0
3188,1,1,1,1,1,1,1,1,1
3189,1,1,1,1,1,1,1,1,1
3190,1,1,1,1,1,1,1,1,1
3191,1,1,1,1,1,1,1,1,1
3192,0,1,1,1,1,1,1,1,1
3193,0,1,1,1,1,1,1,1,1
3194,0,1,1,1,1,1,1,1,1
3195,0,1,1,1,1,1,1,1,1
3196,0,1,1,1,1,1,1,1,1
3197,0,1,1,1,1,1,1,1,1
3198,0,1,1,1,1,1,1,1,1
3199,0,1,1,1,1,1,1,1,1
3200,0,1,1,1,1,1,1,1,0
3201,0,1,1,1,1,1,1,1,0
3202,0,1,1,1,1,1,1,1,0
3203,0,1,1,1,1,1,1,1,0
3204,0,1,1,1,1,1,1,1,0
3205,0,1,1,1,1,1,1,1,0
3206,0,1,1,1,1,1,1,1,0
3207,0,1,1,1,1,1,1,1,0
3208,0,1,1,1,1,1,1,1,0
3209,0,1,1,1,1,1,1,1,0
3210,0,1,1,1,1,1,1,1,0
3211,0,1,1,1,1,1,1,1,0
3212,0,1,0,1,1,1,1,1,0
3213,0,1,0,1,1,1,1,1,0
3214,0,1,0,1,1,1,1,1,0
3215,0,1,0,1,1,1,1,1,0
3216,0,1,1,0,1,1,1,1,1
3217,0,1,1,0,1,1,1,1,1
3218,0,1,1,0,1,1,1,1,1
3219,0,1,1,0,1,1,1,1,1
3220,0,1,1,1,1,1,1,1,1
3221,0,1,1,1,1,1,1,1,1
3222,0,1,1,1,1,1,1,1,1
3223,0,1,1,1,1,1,1,1,1
3224,0,1,1,1,1,1,1,1,1
3225,0,1,1,1,1,1,1,1,1
3226,0,1,1,1,1,1,1,1,1
3227,0,1,1,1,1,1,1,1,1
3228,0,1,1,1,1,1,1,1,1
3229,0,1,1,1,1,1,1,1,1
3230,0,1,1,1,1,1,1,1,1
3231,0,1,1,1,1,1,1,1,1
3232,0,1,1,1,1,1,1,1,1
3233,0,1,1,1,1,1,1,1,1
3234,0,1,1,1,1,1,1,1,1
3235,0,1,1,1,1,1,1,1,1
3236,0,1,1,1,1,1,1,1,0
3237,0,1,1,1,1,1,1,1,0
3238,0,1,1,1,1,1,1,1,0
3239,0,1,1,1,1,1,1,1,0
3240,0,1,1,0,1,1,1,1,1
3241,0,1,1,0,1,1,1,1,1
3242,0,1,1,0,1,1,1,1,1
3243,0,1,1,0,1,1,1,1,1
3244,1,1,1,1,1,1,1,1,0
3245,1,1,1,1,1,1,1,1,0
3246,1,1,1,1,1,1,1,1,0
3247,1,1,1,1,1,1,1,1,0
3248,0,1,1,1,1,1,1,1,1
3249,0,1,1,1,1,1,1,1,1
3250,0,1,1,1,1,1,1,1,1
3251,0,1,1,1,1,1,1,1,1
3252,0,1,1,0,1,1,1,1,0
3253,0,1,1,0,1,1,1,1,0
3254,0,1,1,0,1,1,1,1,0
3255,0,1,1,0,1,1,1,1,0
3256,0,1,1,1,1,1,1,1,1
3257,0,1,1,1,1,1,1,1,1
3258,0,1,1,1,1,1,1,1,1
3259,0,1,1,1,1,1,1,1,1
3260,0,1,1,1,1,1,1,1,0
3261,0,1,1,1,1,1,1,1,0
3262,0,1,1,1,1,1,1,1,0
3263,0,1,1,1,1,1,1,1,0
3264,0,1,1,0,1,1,1,1,0
3265,0,1,1,0,1,1,1,1,0
3266,0,1,1,0,1,1,1,1,0
3267,0,1,1,0,1,1,1,1,0
3268,0,1,1,1,1,1,1,1,1
3269,0,1,1,1,1,1,1,1,1
3270,0,1,1,1,1,1,1,1,1
3271,0,1,1,1,1,1,1,1,1
3272,0,1,1,1,1,1,1,1,0
3273,0,1,1,1,1,1,1,1,0
3274,0,1,1,1,1,1,1,1,0
3275,0,1,1,1,1,1,1,1,0
3276,1,1,1,1,1,1,1,1,1
3277,1,1,1,1,1,1,1,1,1
3278,1,1,1,1,1,1,1,1,1
3279,1,1,1,1,1,1,1,1,1
3280,0,0,1,1,1,1,1,1,1
3281,0,0,1,1,1,1,1,1,1
3282,0,0,1,1,1,1,1,1,1
3283,0,0,1,1,1,1,1,1,1
3284,0,1,1,1,1,1,1,1,1
3285,0,1,1,1,1,1,1,1,1
3286,0,1,1,1,1,1,1,1,1
3287,0,1,1,1,1,1,1,1,1
3288,0,1,1,1,1,1,1,1,1
3289,0,1,1,1,1,1,1,1,1
3290,0,1,1,1,1,1,1,1,1
3291,0,1,1,1,1,1,1,1,1
3292,0,1,1,1,1,1,1,1,0
3293,0,1,1,1,1,1,1,1,0
3294,0,1,1,1,1,1,1,1,0
3295,0,1,1,1,1,1,1,1,0
3296,0,1,1,1,1,1,1,1,1
3297,0,1,1,1,1,1,1,1,1
3298,0,1,1,1,1,1,1,1,1
3299,0,1,1,1,1,1,1,1,1
3300,1,1,1,1,1,1,1,1,1
3301,1,1,1,1,1,1,1,1,1
3302,1,1,1,1,1,1,1,1,1
3303,1,1,1,1,1,1,1,1,1
3304,0,1,1,1,1,1,1,1,1
3305,0,1,1,1,1,1,1,1,1
3306,0,1,1,1,1,1,1,1,1
3307,0,1,1,1,1,1,1,1,1
3308,0,1,1,1,1,1,1,1,1
3309,0,1,1,1,1,1,1,1,1
3310,0,1,1,1,1,1,1,1,1
3311,0,1,1,1,1,1,1,1,1
3312,0,1,1,1,1,1,1,1,1
3313,0,1,1,1,1,1,1,1,1
3314,0,1,1,1,1,1,1,1,1
3315,0,1,1,1,1,1,1,1,1
3316,0,1,1,1,1,1,1,1,1
3317,0,1,1,1,1,1,1,1,1
3318,0,1,1,1,1,1,1,1,1
3319,0,1,1,1,1,1,1,1,1
3320,0,1,1,1,1,0,1,1,1
3321,0,1,1,1,1,0,1,1,1
3322,0,1,1,1,1,0,1,1,1
3323,0,1,1,1,1,0,1,1,1
3324,0,1,1,1,1,1,1,1,1
3325,0,1,1,1,1,1,1,1,1
3326,0,1,1,1,1,1,1,1,1
3327,0,1,1,1,1,1,1,1,1
3328,1,1,1,1,1,1,1,1,1
3329,1,1,1,1,1,1,1,1,1
3330,1,1,1,1,1,1,1,1,1
3331,1,1,1,1,1,1,1,1,1
3332,1,1,1,1,1,1,1,1,1
3333,1,1,1,1,1,1,1,1,1
3334,1,1,1,1,1,1,1,1,1
3335,1,1,1,1,1,1,1,1,1
3336,1,1,1,1,1,1,1,1,1
3337,1,1,1,1,1,1,1,1,1
3338,1,1,1,1,1,1,1,1,1
3339,1,1,1,1,1,1,1,1,1
3340,1,1,1,1,1,1,1,1,0
3341,1,1,1,1,1,1,1,1,0
3342,1,1,1,1,1,1,1,1,0
3343,1,1,1,1,1,1,1,1,0
3344,0,1,0,1,1,1,1,1,1
3345,0,1,0,1,1,1,1,1,1
3346,0,1,0,1,1,1,1,1,1
3347,0,1,0,1,1,1,1,1,1
3348,1,1,1,1,1,1,1,1,1
3349,1,1,1,1,1,1,1,1,1
3350,1,1,1,1,1,1,1,1,1
3351,1,1,1,1,1,1,1,1,1
3352,1,1,1,1,1,1,1,1,0
3353,1,1,1,1,1,1,1,1,0
3354,1,1,1,1,1,1,1,1,0
3355,1,1,1,1,1,1,1,1,0
3356,0,1,1,0,1,0,1,1,0
3357,0,1,1,0,1,0,1,1,0
3358,0,1,1,0,1,0,1,1,0
3359,0,1,1,0,1,0,1,1,0
3360,0,0,1,1,1,1,1,1,1
3361,0,0,1,1,1,1,1,1,1
3362,0,0,1,1,1,1,1,1,1
3363,0,0,1,1,1,1,1,1,1
3364,1,1,1,1,1,1,1,1,0
3365,1,1,1,1,1,1,1,1,0
3366,1,1,1,1,1,1,1,1,0
3367,1,1,1,1,1,1,1,1,0
3368,1,1,1,1,1,1,1,1,0
3369,1,1,1,1,1,1,1,1,0
3370,1,1,1,1,1,1,1,1,0
3371,1,1,1,1,1,1,1,1,0
3372,0,1,1,1,1,1,1,1,0
3373,0,1,1,1,1,1,1,1,0
3374,0,1,1,1,1,1,1,1,0
3375,0,1,1,1,1,1,1,1,0
3376,0,1,1,1,1,1,1,1,1
3377,0,1,1,1,1,1,1,1,1
3378,0,1,1,1,1,1,1,1,1
3379,0,1,1,1,1,1,1,1,1
3380,0,1,1,1,1,1,1,1,0
3381,0,1,1,1,1,1,1,1,0
3382,0,1,1,1,1,1,1,1,0
3383,0,1,1,1,1,1,1,1,0
3384,0,1,1,1,1,1,1,1,0
3385,0,1,1,1,1,1,1,1,0
3386,0,1,1,1,1,1,1,1,0
3387,0,1,1,1,1,1,1,1,0
3388,0,1,1,1,1,1,1,1,1
3389,0,1,1,1,1,1,1,1,1
3390,0,1,1,1,1,1,1,1,1
3391,0,1,1,1,1,1,1,1,1
3392,0,1,1,1,1,1,1,1,1
3393,0,1,1,1,1,1,1,1,1
3394,0,1,1,1,1,1,1,1,1
3395,0,1,1,1,1,1,1,1,1
3396,0,1,1,1,1,1,1,1,0
3397,0,1,1,1,1,1,1,1,0
3398,0,1,1,1,1,1,1,1,0
3399,0,1,1,1,1,1,1,1,0
3400,0,1,1,1,1,1,1,1,0
3401,0,1,1,1,1,1,1,1,0
3402,0,1,1,1,1,1,1,1,0
3403,0,1,1,1,1,1,1,1,0
3404,0,1,1,1,1,1,1,1,1
3405,0,1,1,1,1,1,1,1,1
3406,0,1,1,1,1,1,1,1,1
3407,0,1,1,1,1,1,1,1,1
3408,1,1,1,1,1,1,1,1,1
3409,1,1,1,1,1,1,1,1,1
3410,1,1,1,1,1,1,1,1,1
3411,1,1,1,1,1,1,1,1,1
3412,0,1,1,1,1,1,1,1,0
3413,0,1,1,1,1,1,1,1,0
3414,0,1,1,1,1,1,1,1,0
3415,0,1,1,1,1,1,1,1,0
3416,0,1,1,1,1,1,1,1,1
3417,0,1,1,1,1,1,1,1,1
3418,0,1,1,1,1,1,1,1,1
3419,0,1,1,1,1,1,1,1,1
3420,0,1,1,1,1,1,1,1,1
3421,0,1,1,1,1,1,1,1,1
3422,0,1,1,1,1,1,1,1,1
3423,0,1,1,1,1,1,1,1,1
3424,0,1,1,1,1,1,1,1,1
3425,0,1,1,1,1,1,1,1,1
3426,0,1,1,1,1,1,1,1,1
3427,0,1,1,1,1,1,1,1,1
3428,0,1,1,1,1,1,1,1,0
3429,0,1,1,1,1,1,1,1,0
3430,0,1,1,1,1,1,1,1,0
3431,0,1,1,1,1,1,1,1,0
3432,0,1,0,1,1,1,1,1,0
3433,0,1,0,1,1,1,1,1,0
3434,0,1,0,1,1,1,1,1,0
3435,0,1,0,1,1,1,1,1,0
3436,0,1,1,1,1,1,1,1,0
3437,0,1,1,1,1,1,1,1,0
3438,0,1,1,1,1,1,1,1,0
3439,0,1,1,1,1,1,1,1,0
3440,0,1,1,1,1,1,1,1,0
3441,0,1,1,1,1,1,1,1,0
3442,0,1,1,1,1,1,1,1,0
3443,0,1,1,1,1,1,1,1,0
3444,0,1,1,1,1,1,1,1,1
3445,0,1,1,1,1,1,1,1,1
3446,0,1,1,1,1,1,1,1,1
3447,0,1,1,1,1,1,1,1,1
3448,0,1,1,1,1,1,1,1,0
3449,0,1,1,1,1,1,1,1,0
3450,0,1,1,1,1,1,1,1,0
3451,0,1,1,1,1,1,1,1,0
3452,0,1,1,1,1,1,1,1,0
3453,0,1,1,1,1,1,1,1,0
3454,0,1,1,1,1,1,1,1,0
3455,0,1,1,1,1,1,1,1,0
3456,0,1,1,1,1,1,1,1,0
3457,0,1,1,1,1,1,1,1,0
3458,0,1,1,1,1,1,1,1,0
3459,0,1,1,1,1,1,1,1,0
3460,0,1,1,1,1,1,1,1,1
3461,0,1,1,1,1,1,1,1,1
3462,0,1,1,1,1,1,1,1,1
3463,0,1,1,1,1,1,1,1,1
3464,0,1,1,1,1,1,1,1,1
3465,0,1,1,1,1,1,1,1,1
3466,0,1,1,1,1,1,1,1,1
3467,0,1,1,1,1,1,1,1,1
3468,0,1,1,1,1,1,1,1,1
3469,0,1,1,1,1,1,1,1,1
3470,0,1,1,1,1,1,1,1,1
3471,0,1,1,1,1,1,1,1,1
3472,0,1,1,1,1,1,1,1,0
3473,0,1,1,1,1,1,1,1,0
3474,0,1,1,1,1,1,1,1,0
3475,0,1,1,1,1,1,1,1,0
3476,0,1,1,1,1,1,1,1,1
3477,0,1,1,1,1,1,1,1,1
3478,0,1,1,1,1,1,1,1,1
3479,0,1,1,1,1,1,1,1,1
3480,0,1,1,1,1,1,1,1,1
3481,0,1,1,1,1,1,1,1,1
3482,0,1,1,1,1,1,1,1,1
3483,0,1,1,1,1,1,1,1,1
3484,0,1,1,1,1,1,1,1,1
3485,0,1,1,1,1,1,1,1,1
3486,0,1,1,1,1,1,1,1,1
3487,0,1,1,1,1,1,1,1,1
3488,0,1,1,1,1,1,1,1,1
3489,0,1,1,1,1,1,1,1,1
3490,0,1,1,1,1,1,1,1,1
3491,0,1,1,1,1,1,1,1,1
3492,0,1,1,1,1,1,1,1,1
3493,0,1,1,1,1,1,1,1,1
3494,0,1,1,1,1,1,1,1,1
3495,0,1,1,1,1,1,1,1,1
3496,0,1,1,1,1,1,1,1,0
3497,0,1,1,1,1,1,1,1,0
3498,0,1,1,1,1,1,1,1,0
3499,0,1,1,1,1,1,1,1,0
3500,0,1,1,0,1,1,1,1,1
3501,0,1,1,0,1,1,1,1,1
3502,0,1,1,0,1,1,1,1,1
3503,0,1,1,0,1,1,1,1,1
3504,0,1,1,1,1,1,1,1,0
3505,0,1,1,1,1,1,1,1,0
3506,0,1,1,1,1,1,1,1,0
3507,0,1,1,1,1,1,1,1,0
3508,0,1,1,1,1,1,1,1,1
3509,0,1,1,1,1,1,1,1,1
3510,0,1,1,1,1,1,1,1,1
3511,0,1,1,1,1,1,1,1,1
3512,0,1,1,1,1,1,1,1,1
3513,0,1,1,1,1,1,1,1,1
3514,0,1,1,1,1,1,1,1,1
3515,0,1,1,1,1,1,1,1,1
3516,0,1,1,1,1,1,1,1,1
3517,0,1,1,1,1,1,1,1,1
3518,0,1,1,1,1,1,1,1,1
3519,0,1,1,1,1,1,1,1,1
3520,0,1,1,1,1,1,1,1,1
3521,0,1,1,1,1,1,1,1,1
3522,0,1,1,1,1,1,1,1,1
3523,0,1,1,1,1,1,1,1,1
3524,0,1,1,1,1,1,1,1,1
3525,0,1,1,1,1,1,1,1,1
3526,0,1,1,1,1,1,1,1,1
3527,0,1,1,1,1,1,1,1,1
3528,1,1,1,1,1,1,1,1,0
3529,1,1,1,1,1,1,1,1,0
3530,1,1,1,1,1,1,1,1,0
3531,1,1,1,1,1,1,1,1,0
3532,0,1,1,1,1,1,1,1,1
3533,0,1,1,1,1,1,1,1,1
3534,0,1,1,1,1,1,1,1,1
3535,0,1,1,1,1,1,1,1,1
3536,0,1,1,0,1,1,1,1,1
3537,0,1,1,0,1,1,1,1,1
3538,0,1,1,0,1,1,1,1,1
3539,0,1,1,0,1,1,1,1,1
3540,0,1,1,1,1,1,1,1,1
3541,0,1,1,1,1,1,1,1,1
3542,0,1,1,1,1,1,1,1,1
3543,0,1,1,1,1,1,1,1,1
3544,0,1,1,1,1,1,1,1,0
3545,0,1,1,1,1,1,1,1,0
3546,0,1,1,1,1,1,1,1,0
3547,0,1,1,1,1,1,1,1,0
3548,0,1,1,1,1,1,1,1,1
3549,0,1,1,1,1,1,1,1,1
3550,0,1,1,1,1,1,1,1,1
3551,0,1,1,1,1,1,1,1,1
3552,0,1,1,1,1,1,1,1,1
3553,0,1,1,1,1,1,1,1,1
3554,0,1,1,1,1,1,1,1,1
3555,0,1,1,1,1,1,1,1,1
3556,0,1,1,1,1,1,1,1,0
3557,0,1,1,1,1,1,1,1,0
3558,0,1,1,1,1,1,1,1,0
3559,0,1,1,1,1,1,1,1,0
3560,1,1,1,1,1,1,1,1,1
3561,1,1,1,1,1,1,1,1,1
3562,1,1,1,1,1,1,1,1,1
3563,1,1,1,1,1,1,1,1,1
3564,0,1,1,1,1,1,1,1,0
3565,0,1,1,1,1,1,1,1,0
3566,0,1,1,1,1,1,1,1,0
3567,0,1,1,1,1,1,1,1,0
3568,0,1,1,1,1,1,1,1,0
3569,0,1,1,1,1,1,1,1,0
3570,0,1,1,1,1,1,1,1,0
3571,0,1,1,1,1,1,1,1,0
3572,0,1,1,1,1,1,0,1,0
3573,0,1,1,1,1,1,0,1,0
3574,0,1,1,1,1,1,0,1,0
3575,0,1,1,1,1,1,0,1,0
3576,0,1,1,1,1,1,1,1,1
3577,0,1,1,1,1,1,1,1,1
3578,0,1,1,1,1,1,1,1,1
3579,0,1,1,1,1,1,1,1,1
3580,1,1,1,1,1,1,1,1,0
3581,1,1,1,1,1,1,1,1,0
3582,1,1,1,1,1,1,1,1,0
3583,1,1,1,1,1,1,1,1,0
3584,0,1,1,1,1,1,1,1,0
3585,0,1,1,1,1,1,1,1,0
3586,0,1,1,1,1,1,1,1,0
3587,0,1,1,1,1,1,1,1,0
3588,0,1,1,1,1,1,1,1,0
3589,0,1,1,1,1,1,1,1,0
3590,0,1,1,1,1,1,1,1,0
3591,0,1,1,1,1,1,1,1,0
3592,1,1,1,1,1,1,1,1,0
3593,1,1,1,1,1,1,1,1,0
3594,1,1,1,1,1,1,1,1,0
3595,1,1,1,1,1,1,1,1,0
3596,0,1,1,1,1,1,1,1,1
3597,0,1,1,1,1,1,1,1,1
3598,0,1,1,1,1,1,1,1,1
3599,0,1,1,1,1,1,1,1,1
3600,0,1,1,1,1,1,1,1,1
3601,0,1,1,1,1,1,1,1,1
3602,0,1,1,1,1,1,1,1,1
3603,0,1,1,1,1,1,1,1,1
3604,0,1,1,1,1,1,1,1,0
3605,0,1,1,1,1,1,1,1,0
3606,0,1,1,1,1,1,1,1,0
3607,0,1,1,1,1,1,1,1,0
3608,0,1,1,1,1,1,1,1,0
3609,0,1,1,1,1,1,1,1,0
3610,0,1,1,1,1,1,1,1,0
3611,0,1,1,1,1,1,1,1,0
3612,1,1,1,1,1,1,1,1,0
3613,1,1,1,1,1,1,1,1,0
3614,1,1,1,1,1,1,1,1,0
3615,1,1,1,1,1,1,1,1,0
3616,0,1,1,1,1,1,1,1,1
3617,0,1,1,1,1,1,1,1,1
3618,0,1,1,1,1,1,1,1,1
3619,0,1,1,1,1,1,1,1,1
3620,1,1,1,1,1,1,1,1,1
3621,1,1,1,1,1,1,1,1,1
3622,1,1,1,1,1,1,1,1,1
3623,1,1,1,1,1,1,1,1,1
3624,0,1,1,1,1,1,1,1,1
3625,0,1,1,1,1,1,1,1,1
3626,0,1,1,1,1,1,1,1,1
3627,0,1,1,1,1,1,1,1,1
3628,0,1,1,0,1,1,1,1,1
3629,0,1,1,0,1,1,1,1,1
3630,0,1,1,0,1,1,1,1,1
3631,0,1,1,0,1,1,1,1,1
3632,0,1,1,1,1,1,1,1,0
3633,0,1,1,1,1,1,1,1,0
3634,0,1,1,1,1,1,1,1,0
3635,0,1,1,1,1,1,1,1,0
3636,0,1,1,1,1,1,1,1,1
3637,0,1,1,1,1,1,1,1,1
3638,0,1,1,1,1,1,1,1,1
3639,0,1,1,1,1,1,1,1,1
3640,0,1,1,1,1,1,1,1,0
3641,0,1,1,1,1,1,1,1,0
3642,0,1,1,1,1,1,1,1,0
3643,0,1,1,1,1,1,1,1,0
3644,1,1,1,1,1,1,1,1,1
3645,1,1,1,1,1,1,1,1,1
3646,1,1,1,1,1,1,1,1,1
3647,1,1,1,1,1,1,1,1,1
3648,0,1,1,1,1,1,1,1,0
3649,0,1,1,1,1,1,1,1,0
3650,0,1,1,1,1,1,1,1,0
3651,0,1,1,1,1,1,1,1,0
3652,0,1,1,1,1,1,1,1,0
3653,0,1,1,1,1,1,1,1,0
3654,0,1,1,1,1,1,1,1,0
3655,0,1,1,1,1,1,1,1,0
3656,1,1,1,1,1,1,1,1,1
3657,1,1,1,1,1,1,1,1,1
3658,1,1,1,1,1,1,1,1,1
3659,1,1,1,1,1,1,1,1,1
3660,0,1,1,1,1,1,1,1,0
3661,0,1,1,1,1,1,1,1,0
3662,0,1,1,1,1,1,1,1,0
3663,0,1,1,1,1,1,1,1,0
3664,0,1,1,1,1,1,1,1,1
3665,0,1,1,1,1,1,1,1,1
3666,0,1,1,1,1,1,1,1,1
3667,0,1,1,1,1,1,1,1,1
3668,0,1,1,1,1,1,1,1,1
3669,0,1,1,1,1,1,1,1,1
3670,0,1,1,1,1,1,1,1,1
3671,0,1,1,1,1,1,1,1,1
3672,0,1,1,1,1,1,1,1,1
3673,0,1,1,1,1,1,1,1,1
3674,0,1,1,1,1,1,1,1,1
3675,0,1,1,1,1,1,1,1,1
3676,0,1,1,1,1,0,1,1,1
3677,0,1,1,1,1,0,1,1,1
3678,0,1,1,1,1,0,1,1,1
3679,0,1,1,1,1,0,1,1,1
3680,1,1,1,1,1,1,1,1,1
3681,1,1,1,1,1,1,1,1,1
3682,1,1,1,1,1,1,1,1,1
3683,1,1,1,1,1,1,1,1,1
3684,0,1,1,1,1,1,1,1,0
3685,0,1,1,1,1,1,1,1,0
3686,0,1,1,1,1,1,1,1,0
3687,0,1,1,1,1,1,1,1,0
3688,0,1,1,1,1,1,1,1,0
3689,0,1,1,1,1,1,1,1,0
3690,0,1,1,1,1,1,1,1,0
3691,0,1,1,1,1,1,1,1,0
3692,0,1,1,1,1,1,1,1,0
3693,0,1,1,1,1,1,1,1,0
3694,0,1,1,1,1,1,1,1,0
3695,0,1,1,1,1,1,1,1,0
3696,0,1,1,1,1,1,1,1,1
3697,0,1,1,1,1,1,1,1,1
3698,0,1,1,1,1,1,1,1,1
3699,0,1,1,1,1,1,1,1,1
3700,0,1,1,1,1,1,1,1,0
3701,0,1,1,1,1,1,1,1,0
3702,0,1,1,1,1,1,1,1,0
3703,0,1,1,1,1,1,1,1,0
3704,0,1,1,1,1,1,1,1,0
3705,0,1,1,1,1,1,1,1,0
3706,0,1,1,1,1,1,1,1,0
3707,0,1,1,1,1,1,1,1,0
3708,1,1,1,1,1,1,1,1,1
3709,1,1,1,1,1,1,1,1,1
3710,1,1,1,1,1,1,1,1,1
3711,1,1,1,1,1,1,1,1,1
3712,0,1,1,1,1,1,1,1,1
3713,0,1,1,1,1,1,1,1,1
3714,0,1,1,1,1,1,1,1,1
3715,0,1,1,1,1,1,1,1,1
3716,1,1,1,1,1,1,1,1,1
3717,1,1,1,1,1,1,1,1,1
3718,1,1,1,1,1,1,1,1,1
3719,1,1,1,1,1,1,1,1,1
3720,0,1,1,1,1,1,1,1,0
3721,0,1,1,1,1,1,1,1,0
3722,0,1,1,1,1,1,1,1,0
3723,0,1,1,1,1,1,1,1,0
3724,1,1,1,1,1,1,1,1,0
3725,1,1,1,1,1,1,1,1,0
3726,1,1,1,1,1,1,1,1,0
3727,1,1,1,1,1,1,1,1,0
3728,0,1,1,1,1,1,1,1,1
3729,0,1,1,1,1,1,1,1,1
3730,0,1,1,1,1,1,1,1,1
3731,0,1,1,1,1,1,1,1,1
3732,0,1,1,1,1,1,1,1,1
3733,0,1,1,1,1,1,1,1,1
3734,0,1,1,1,1,1,1,1,1
3735,0,1,1,1,1,1,1,1,1
3736,0,1,1,1,1,1,1,1,1
3737,0,1,1,1,1,1,1,1,1
3738,0,1,1,1,1,1,1,1,1
3739,0,1,1,1,1,1,1,1,1
3740,1,1,1,1,1,1,1,1,0
3741,1,1,1,1,1,1,1,1,0
3742,1,1,1,1,1,1,1,1,0
3743,1,1,1,1,1,1,1,1,0
3744,0,1,1,1,1,1,1,1,1
3745,0,1,1,1,1,1,1,1,1
3746,0,1,1,1,1,1,1,1,1
3747,0,1,1,1,1,1,1,1,1
3748,0,1,1,1,1,1,1,1,1
3749,0,1,1,1,1,1,1,1,1
3750,0,1,1,1,1,1,1,1,1
3751,0,1,1,1,1,1,1,1,1
3752,0,1,1,1,1,1,1,1,0
3753,0,1,1,1,1,1,1,1,0
3754,0,1,1,1,1,1,1,1,0
3755,0,1,1,1,1,1,1,1,0
3756,0,1,1,1,1,1,1,1,1
3757,0,1,1,1,1,1,1,1,1
3758,0,1,1,1,1,1,1,1,1
3759,0,1,1,1,1,1,1,1,1
3760,0,1,1,1,1,0,1,1,1
3761,0,1,1,1,1,0,1,1,1
3762,0,1,1,1,1,0,1,1,1
3763,0,1,1,1,1,0,1,1,1
3764,1,1,1,1,1,1,1,1,1
3765,1,1,1,1,1,1,1,1,1
3766,1,1,1,1,1,1,1,1,1
3767,1,1,1,1,1,1,1,1,1
3768,1,1,1,1,1,1,1,1,1
3769,1,1,1,1,1,1,1,1,1
3770,1,1,1,1,1,1,1,1,1
3771,1,1,1,1,1,1,1,1,1
3772,1,1,1,1,1,1,1,1,0
3773,1,1,1,1,1,1,1,1,0
3774,1,1,1,1,1,1,1,1,0
3775,1,1,1,1,1,1,1,1,0
3776,1,1,1,1,1,1,1,1,0
3777,1,1,1,1,1,1,1,1,0
3778,1,1,1,1,1,1,1,1,0
3779,1,1,1,1,1,1,1,1,0
3780,0,1,1,1,1,1,1,1,1
3781,0,1,1,1,1,1,1,1,1
3782,0,1,1,1,1,1,1,1,1
3783,0,1,1,1,1,1,1,1,1
3784,0,1,1,1,1,1,1,1,0
3785,0,1,1,1,1,1,1,1,0
3786,0,1,1,1,1,1,1,1,0
3787,0,1,1,1,1,1,1,1,0
3788,0,1,1,0,1,1,1,1,1
3789,0,1,1,0,1,1,1,1,1
3790,0,1,1,0,1,1,1,1,1
3791,0,1,1,0,1,1,1,1,1
3792,0,1,1,1,1,1,1,1,1
3793,0,1,1,1,1,1,1,1,1
3794,0,1,1,1,1,1,1,1,1
3795,0,1,1,1,1,1,1,1,1
3796,0,1,1,1,1,1,1,1,1
3797,0,1,1,1,1,1,1,1,1
3798,0,1,1,1,1,1,1,1,1
3799,0,1,1,1,1,1,1,1,1
3800,0,1,1,1,1,0,1,1,1
3801,0,1,1,1,1,0,1,1,1
3802,0,1,1,1,1,0,1,1,1
3803,0,1,1,1,1,0,1,1,1
3804,1,1,1,1,1,1,1,1,1
3805,1,1,1,1,1,1,1,1,1
3806,1,1,1,1,1,1,1,1,1
3807,1,1,1,1,1,1,1,1,1
3808,0,1,1,1,1,1,1,1,0
3809,0,1,1,1,1,1,1,1,0
3810,0,1,1,1,1,1,1,1,0
3811,0,1,1,1,1,1,1,1,0
3812,0,1,1,1,1,1,1,1,1
3813,0,1,1,1,1,1,1,1,1
3814,0,1,1,1,1,1,1,1,1
3815,0,1,1,1,1,1,1,1,1
3816,0,1,1,1,1,1,1,1,1
3817,0,1,1,1,1,1,1,1,1
3818,0,1,1,1,1,1,1,1,1
3819,0,1,1,1,1,1,1,1,1
3820,0,1,1,1,1,1,1,1,1
3821,0,1,1,1,1,1,1,1,1
3822,0,1,1,1,1,1,1,1,1
3823,0,1,1,1,1,1,1,1,1
3824,1,1,1,1,1,1,1,1,1
3825,1,1,1,1,1,1,1,1,1
3826,1,1,1,1,1,1,1,1,1
3827,1,1,1,1,1,1,1,1,1
3828,1,1,1,1,1,1,1,1,0
3829,1,1,1,1,1,1,1,1,0
3830,1,1,1,1,1,1,1,1,0
3831,1,1,1,1,1,1,1,1,0
3832,0,1,1,0,1,1,1,1,0
3833,0,1,1,0,1,1,1,1,0
3834,0,1,1,0,1,1,1,1,0
3835,0,1,1,0,1,1,1,1,0
3836,0,1,1,1,1,1,1,1,0
3837,0,1,1,1,1,1,1,1,0
3838,0,1,1,1,1,1,1,1,0
3839,0,1,1,1,1,1,1,1,0
3840,0,1,1,1,1,1,1,1,1
3841,0,1,1,1,1,1,1,1,1
3842,0,1,1,1,1,1,1,1,1
3843,0,1,1,1,1,1,1,1,1
3844,0,1,1,1,1,1,1,1,1
3845,0,1,1,1,1,1,1,1,1
3846,0,1,1,1,1,1,1,1,1
3847,0,1,1,1,1,1,1,1,1
3848,1,1,1,1,1,1,1,1,1
3849,1,1,1,1,1,1,1,1,1
3850,1,1,1,1,1,1,1,1,1
3851,1,1,1,1,1,1,1,1,1
3852,0,1,1,1,1,1,1,1,1
3853,0,1,1,1,1,1,1,1,1
3854,0,1,1,1,1,1,1,1,1
3855,0,1,1,1,1,1,1,1,1
3856,0,1,1,1,1,1,0,1,0
3857,0,1,1,1,1,1,0,1,0
3858,0,1,1,1,1,1,0,1,0
3859,0,1,1,1,1,1,0,1,0
3860,1,1,1,1,1,1,1,1,1
3861,1,1,1,1,1,1,1,1,1
3862,1,1,1,1,1,1,1,1,1
3863,1,1,1,1,1,1,1,1,1
3864,1,1,1,1,1,1,1,1,0
3865,1,1,1,1,1,1,1,1,0
3866,1,1,1,1,1,1,1,1,0
3867,1,1,1,1,1,1,1,1,0
3868,0,1,1,1,1,1,1,1,1
3869,0,1,1,1,1,1,1,1,1
3870,0,1,1,1,1,1,1,1,1
3871,0,1,1,1,1,1,1,1,1
3872,0,1,1,1,1,1,1,1,0
3873,0,1,1,1,1,1,1,1,0
3874,0,1,1,1,1,1,1,1,0
3875,0,1,1,1,1,1,1,1,0
3876,0,1,1,1,1,1,1,1,1
3877,0,1,1,1,1,1,1,1,1
3878,0,1,1,1,1,1,1,1,1
3879,0,1,1,1,1,1,1,1,1
3880,0,1,1,1,1,1,1,1,0
3881,0,1,1,1,1,1,1,1,0
3882,0,1,1,1,1,1,1,1,0
3883,0,1,1,1,1,1,1,1,0
3884,0,1,1,0,1,1,1,1,0
3885,0,1,1,0,1,1,1,1,0
3886,0,1,1,0,1,1,1,1,0
3887,0,1,1,0,1,1,1,1,0
3888,0,1,1,1,1,1,1,1,0
3889,0,1,1,1,1,1,1,1,0
3890,0,1,1,1,1,1,1,1,0
3891,0,1,1,1,1,1,1,1,0
3892,0,1,1,1,1,1,1,1,1
3893,0,1,1,1,1,1,1,1,1
3894,0,1,1,1,1,1,1,1,1
3895,0,1,1,1,1,1,1,1,1
3896,0,1,1,1,1,1,1,1,1
3897,0,1,1,1,1,1,1,1,1
3898,0,1,1,1,1,1,1,1,1
3899,0,1,1,1,1,1,1,1,1
3900,0,1,1,1,1,1,1,1,0
3901,0,1,1,1,1,1,1,1,0
3902,0,1,1,1,1,1,1,1,0
3903,0,1,1,1,1,1,1,1,0
3904,0,1,1,1,1,0,1,1,1
3905,0,1,1,1,1,0,1,1,1
3906,0,1,1,1,1,0,1,1,1
3907,0,1,1,1,1,0,1,1,1
3908,0,1,1,1,1,1,1,1,1
3909,0,1,1,1,1,1,1,1,1
3910,0,1,1,1,1,1,1,1,1
3911,0,1,1,1,1,1,1,1,1
3912,1,1,1,1,1,1,1,1,1
3913,1,1,1,1,1,1,1,1,1
3914,1,1,1,1,1,1,1,1,1
3915,1,1,1,1,1,1,1,1,1
3916,0,1,1,1,1,1,1,1,0
3917,0,1,1,1,1,1,1,1,0
3918,0,1,1,1,1,1,1,1,0
3919,0,1,1,1,1,1,1,1,0
3920,0,1,1,1,1,1,1,1,1
3921,0,1,1,1,1,1,1,1,1
3922,0,1,1,1,1,1,1,1,1
3923,0,1,1,1,1,1,1,1,1
3924,0,1,1,1,1,1,1,1,1
3925,0,1,1,1,1,1,1,1,1
3926,0,1,1,1,1,1,1,1,1
3927,0,1,1,1,1,1,1,1,1
3928,0,1,1,1,1,1,1,1,1
3929,0,1,1,1,1,1,1,1,1
3930,0,1,1,1,1,1,1,1,1
3931,0,1,1,1,1,1,1,1,1
3932,0,1,1,1,1,1,1,1,0
3933,0,1,1,1,1,1,1,1,0
3934,0,1,1,1,1,1,1,1,0
3935,0,1,1,1,1,1,1,1,0
3936,1,1,1,1,1,1,1,1,0
3937,1,1,1,1,1,1,1,1,0
3938,1,1,1,1,1,1,1,1,0
3939,1,1,1,1,1,1,1,1,0
3940,0,1,1,1,1,1,1,1,0
3941,0,1,1,1,1,1,1,1,0
3942,0,1,1,1,1,1,1,1,0
3943,0,1,1,1,1,1,1,1,0
3944,0,1,1,1,1,1,1,1,1
3945,0,1,1,1,1,1,1,1,1
3946,0,1,1,1,1,1,1,1,1
3947,0,1,1,1,1,1,1,1,1
3948,0,1,1,1,1,1,1,1,0
3949,0,1,1,1,1,1,1,1,0
3950,0,1,1,1,1,1,1,1,0
3951,0,1,1,1,1,1,1,1,0
3952,1,1,1,1,1,1,1,1,0
3953,1,1,1,1,1,1,1,1,0
3954,1,1,1,1,1,1,1,1,0
3955,1,1,1,1,1,1,1,1,0
3956,1,1,1,1,1,1,1,1,1
3957,1,1,1,1,1,1,1,1,1
3958,1,1,1,1,1,1,1,1,1
3959,1,1,1,1,1,1,1,1,1
3960,1,1,1,1,1,1,1,1,1
3961,1,1,1,1,1,1,1,1,1
3962,1,1,1,1,1,1,1,1,1
3963,1,1,1,1,1,1,1,1,1
3964,0,1,1,0,1,1,1,1,0
3965,0,1,1,0,1,1,1,1,0
3966,0,1,1,0,1,1,1,1,0
3967,0,1,1,0,1,1,1,1,0
3968,0,1,1,1,1,1,1,1,0
3969,0,1,1,1,1,1,1,1,0
3970,0,1,1,1,1,1,1,1,0
3971,0,1,1,1,1,1,1,1,0
3972,0,1,1,1,1,1,1,1,1
3973,0,1,1,1,1,1,1,1,1
3974,0,1,1,1,1,1,1,1,1
3975,0,1,1,1,1,1,1,1,1
3976,0,1,1,1,1,1,1,1,0
3977,0,1,1,1,1,1,1,1,0
3978,0,1,1,1,1,1,1,1,0
3979,0,1,1,1,1,1,1,1,0
3980,0,1,1,1,1,1,1,1,1
3981,0,1,1,1,1,1,1,1,1
3982,0,1,1,1,1,1,1,1,1
3983,0,1,1,1,1,1,1,1,1
3984,0,1,1,1,1,1,1,1,0
3985,0,1,1,1,1,1,1,1,0
3986,0,1,1,1,1,1,1,1,0
3987,0,1,1,1,1,1,1,1,0
3988,0,1,1,1,1,1,1,1,0
3989,0,1,1,1,1,1,1,1,0
3990,0,1,1,1,1,1,1,1,0
3991,0,1,1,1,1,1,1,1,0
3992,0,1,1,1,1,1,1,1,0
3993,0,1,1,1,1,1,1,1,0
3994,0,1,1,1,1,1,1,1,0
3995,0,1,1,1,1,1,1,1,0
